Customer_ID,Branch,Region,Loan_Type,Employment_Type,Age,Annual_Income,Loan_Amount,Tenure_Years,Credit_Score,DPD,Interest_Rate,EMI,Collateral_Value,LTV_Percent,Risk_Score,Risk_Category,Risk_Weight_Percent,NPA_Flag,Default_Flag,Loan_Status
CUST10001,Pune,West,Auto Loan,Salaried,24,1251775,95256,25,689,60,10.51,900,2006518,4.75,22,Low,75,No,No,Active
CUST10002,Bengaluru,South,Personal Loan,Salaried,27,343187,552264,30,683,90,6.81,3604,5884724,9.38,35,Medium,75,Yes,No,Active
CUST10003,Hyderabad,South,Personal Loan,Salaried,65,635150,3396145,10,611,0,10.59,45997,5471375,62.07,41,Medium,100,No,No,Active
CUST10004,Pune,West,Education Loan,Salaried,55,689551,989695,30,656,0,16.14,13421,4449113,22.24,30,Low,75,Yes,Yes,Default
CUST10005,Mumbai,West,Auto Loan,Salaried,29,1742518,2233955,20,682,15,17.27,33227,729672,200.0,18,Low,75,No,No,Closed
CUST10006,Ahmedabad,West,Home Loan,Salaried,28,1234096,1302390,15,613,5,12.72,16239,5257901,24.77,26,Low,100,No,No,Active
CUST10007,Hyderabad,South,Business Loan,Self Employed,65,1862678,2265995,10,620,0,11.97,32471,5968103,37.97,24,Low,100,No,No,Active
CUST10008,Hyderabad,South,Education Loan,Salaried,37,347527,529809,5,702,60,6.87,10458,448781,118.06,31,Medium,75,No,No,Overdue
CUST10009,Pune,West,Business Loan,Self Employed,37,1767819,2700432,15,571,90,17.05,41655,4635563,58.25,57,Medium,100,Yes,No,Overdue
CUST10010,Delhi,North,Auto Loan,Self Employed,53,1403697,4225282,25,638,90,6.66,28953,2161513,195.48,48,Medium,100,Yes,No,Closed
CUST10011,Mumbai,West,Auto Loan,Business Owner,52,1167797,3567847,30,836,0,17.84,53305,6161629,57.9,12,Low,50,No,No,Active
CUST10012,Pune,West,Personal Loan,Self Employed,28,1700373,1817413,30,676,90,12.37,19213,2007091,90.55,34,Medium,75,Yes,No,Active
CUST10013,Mumbai,West,Business Loan,Business Owner,39,2342077,4388586,15,667,30,10.6,48784,4991091,87.93,26,Low,75,No,No,Active
CUST10014,Mumbai,West,Business Loan,Salaried,58,774557,2623697,1,676,10,17.59,240029,1147417,200.0,27,Low,75,No,No,Closed
CUST10015,Ahmedabad,West,Home Loan,Salaried,23,1170121,3650952,30,677,30,6.79,23777,6209076,58.8,30,Low,75,No,No,Active
CUST10016,Hyderabad,South,Home Loan,Salaried,25,1579757,2021277,25,740,90,13.48,23530,2801516,72.15,25,Low,75,Yes,No,Closed
CUST10017,Bengaluru,South,Personal Loan,Self Employed,33,1905049,994740,5,735,60,13.09,22679,1294876,76.82,17,Low,75,No,No,Active
CUST10018,Ahmedabad,West,Education Loan,Business Owner,51,663442,3096555,3,673,15,9.13,98657,160786,200.0,33,Medium,75,No,No,Closed
CUST10019,Ahmedabad,West,Business Loan,Salaried,36,1257921,1246311,5,685,5,11.65,27504,4735790,26.32,15,Low,75,No,No,Active
CUST10020,Mumbai,West,Home Loan,Business Owner,52,1600827,4494041,5,792,0,14.33,105339,4523399,99.35,11,Low,50,No,No,Active
CUST10021,Chennai,South,Auto Loan,Salaried,42,2136874,192157,30,594,15,15.23,2465,2075414,9.26,27,Low,100,No,No,Active
CUST10022,Hyderabad,South,Personal Loan,Business Owner,49,1189869,2337319,2,696,0,6.51,104129,5722078,40.85,16,Low,75,No,No,Active
CUST10023,Delhi,North,Business Loan,Salaried,42,673814,4838109,1,709,15,17.74,442959,1314530,200.0,29,Low,75,No,No,Active
CUST10024,Ahmedabad,West,Education Loan,Salaried,63,1931797,1512603,30,646,15,8.47,11598,910175,166.19,27,Low,100,No,No,Overdue
CUST10025,Bengaluru,South,Education Loan,Salaried,23,277406,1325029,1,692,5,9.3,116060,5501188,24.09,29,Low,75,No,No,Active
CUST10026,Chennai,South,Personal Loan,Salaried,30,1756317,3070791,20,636,0,9.66,28945,4928784,62.3,24,Low,100,No,No,Active
CUST10027,Chennai,South,Personal Loan,Salaried,62,564583,186645,2,745,90,6.95,8352,6056095,3.08,21,Low,75,Yes,No,Active
CUST10028,Delhi,North,Home Loan,Salaried,41,1201436,1702131,30,606,0,7.98,12466,121701,200.0,27,Low,100,No,No,Active
CUST10029,Ahmedabad,West,Home Loan,Business Owner,36,1182429,1236837,7,774,0,18.34,26243,2589433,47.76,4,Low,50,No,No,Active
CUST10030,Bengaluru,South,Business Loan,Salaried,32,1789184,392221,5,695,120,10.28,8388,3941631,9.95,34,Medium,75,Yes,No,Active
CUST10031,Hyderabad,South,Education Loan,Salaried,22,1329122,2485919,20,669,0,7.88,20608,5249043,47.36,20,Low,75,No,No,Active
CUST10032,Kolkata,East,Business Loan,Self Employed,61,784489,1229580,2,630,30,7.78,55487,5174895,23.76,31,Medium,100,No,No,Active
CUST10033,Bengaluru,South,Business Loan,Self Employed,44,664273,103687,30,772,0,15.13,1322,1064641,9.74,1,Low,50,No,No,Closed
CUST10034,Delhi,North,Personal Loan,Salaried,55,1913985,2540272,25,654,90,16.75,36021,1433043,177.26,38,Medium,75,Yes,No,Active
CUST10035,Chennai,South,Education Loan,Salaried,50,1939989,2679137,15,618,0,9.58,28106,3911278,68.5,25,Low,100,No,No,Active
CUST10036,Hyderabad,South,Business Loan,Salaried,50,1099424,4848757,15,774,10,6.75,42907,5098705,95.1,20,Low,50,No,No,Active
CUST10037,Bengaluru,South,Education Loan,Salaried,55,1371855,3925010,1,637,30,9.18,343576,6637056,59.14,40,Medium,100,No,No,Overdue
CUST10038,Kolkata,East,Home Loan,Self Employed,39,868332,4826415,2,693,0,7.18,216485,6789177,71.09,29,Low,75,No,No,Closed
CUST10039,Kolkata,East,Personal Loan,Salaried,28,1632591,2089660,5,757,90,7.74,42111,248924,200.0,24,Low,50,Yes,No,Closed
CUST10040,Mumbai,West,Home Loan,Salaried,46,906448,2069450,5,711,60,11.68,45700,2800860,73.89,27,Low,75,No,No,Active
CUST10041,Mumbai,West,Business Loan,Self Employed,60,250463,4750858,3,821,0,9.26,151652,2090923,200.0,25,Low,50,No,No,Overdue
CUST10042,Pune,West,Auto Loan,Salaried,27,2370652,2021140,15,642,10,12.69,25161,1940711,104.14,22,Low,100,No,No,Active
CUST10043,Delhi,North,Home Loan,Self Employed,50,1436348,3911607,20,685,30,9.54,36564,4738821,82.54,27,Low,75,No,No,Active
CUST10044,Ahmedabad,West,Auto Loan,Salaried,27,1313183,3578434,2,691,5,17.79,178287,1363307,200.0,21,Low,75,No,No,Active
CUST10045,Bengaluru,South,Auto Loan,Business Owner,23,1027942,4174390,5,743,10,17.37,104577,1823334,200.0,19,Low,75,No,No,Active
CUST10046,Bengaluru,South,Personal Loan,Salaried,21,300076,2706222,3,790,0,13.3,91575,5925237,45.67,30,Low,50,Yes,Yes,Default
CUST10047,Ahmedabad,West,Home Loan,Business Owner,56,1287268,1177109,2,705,90,10.75,54726,4739693,24.84,29,Low,75,Yes,No,Active
CUST10048,Pune,West,Auto Loan,Self Employed,45,835129,4484315,10,690,120,11.07,61949,3710407,120.86,64,High,75,Yes,Yes,Default
CUST10049,Chennai,South,Personal Loan,Salaried,57,897104,1603744,5,596,90,11.44,35222,6498391,24.68,49,Medium,100,Yes,No,Closed
CUST10050,Chennai,South,Education Loan,Self Employed,21,982242,4316988,10,708,30,15.23,70257,3218451,134.13,30,Low,75,No,No,Active
CUST10051,Pune,West,Personal Loan,Business Owner,35,1102630,1838220,2,654,120,11.92,86463,3372021,54.51,46,Medium,75,Yes,No,Active
CUST10052,Chennai,South,Business Loan,Self Employed,57,2438233,4061718,5,743,0,16.78,100464,190477,200.0,8,Low,75,No,No,Active
CUST10053,Mumbai,West,Personal Loan,Business Owner,33,1340294,4063582,10,671,30,17.83,72776,1214596,200.0,35,Medium,75,No,No,Overdue
CUST10054,Bengaluru,South,Personal Loan,Business Owner,60,1581652,2922875,7,683,30,10.53,49327,1935272,151.03,24,Low,75,No,No,Active
CUST10055,Pune,West,Business Loan,Salaried,28,704480,1880288,3,598,10,13.23,63563,6213415,30.26,36,Medium,100,No,No,Closed
CUST10056,Bengaluru,South,Personal Loan,Salaried,25,216413,1891646,20,573,90,7.64,15401,4494369,42.09,75,High,100,Yes,Yes,Default
CUST10057,Ahmedabad,West,Home Loan,Self Employed,29,1875994,4019579,15,830,0,8.91,40554,2567375,156.56,9,Low,50,No,No,Active
CUST10058,Kolkata,East,Home Loan,Salaried,21,744430,1646246,3,709,5,11.46,54255,6705743,24.55,16,Low,75,No,No,Active
CUST10059,Mumbai,West,Auto Loan,Business Owner,56,2313620,1869239,10,728,0,8.97,23648,4915782,38.03,7,Low,75,No,No,Closed
CUST10060,Hyderabad,South,Auto Loan,Business Owner,55,1128202,4955727,5,636,15,17.02,123216,179354,200.0,38,Medium,100,No,No,Active
CUST10061,Mumbai,West,Auto Loan,Salaried,22,846015,2300618,7,761,5,8.4,36318,5858893,39.27,12,Low,50,No,No,Active
CUST10062,Pune,West,Home Loan,Salaried,60,1651867,4478622,7,749,0,11.97,78988,2417741,185.24,11,Low,75,No,No,Active
CUST10063,Hyderabad,South,Home Loan,Self Employed,43,1095480,2519930,15,644,0,13.77,33170,4930731,51.11,25,Low,100,No,No,Active
CUST10064,Kolkata,East,Home Loan,Salaried,29,222056,181936,7,626,0,14.8,3490,1392928,13.06,22,Low,100,No,No,Closed
CUST10065,Pune,West,Personal Loan,Business Owner,54,2328983,2029746,3,649,90,11.1,66547,5690912,35.67,37,Medium,100,Yes,No,Active
CUST10066,Delhi,North,Auto Loan,Salaried,34,953952,4892256,30,698,60,16.93,69470,1417003,200.0,50,Medium,75,Yes,Yes,Default
CUST10067,Bengaluru,South,Personal Loan,Self Employed,24,1088380,2519970,7,712,30,13.32,46283,2182931,115.44,21,Low,75,No,No,Active
CUST10068,Kolkata,East,Personal Loan,Salaried,50,606488,1346573,15,703,5,11.77,15962,1051636,128.05,17,Low,75,No,No,Active
CUST10069,Bengaluru,South,Business Loan,Self Employed,51,812405,3585647,7,791,0,7.31,54662,6941550,51.65,18,Low,50,No,No,Active
CUST10070,Chennai,South,Personal Loan,Salaried,58,1517768,2628682,7,650,60,12.08,46516,6631430,39.64,34,Medium,75,No,No,Active
CUST10071,Delhi,North,Personal Loan,Self Employed,31,2040971,1554900,25,624,5,16.35,21557,3785887,41.07,23,Low,100,No,No,Active
CUST10072,Delhi,North,Education Loan,Salaried,55,1694101,3440664,3,700,0,13.87,117377,2642159,130.22,16,Low,75,No,No,Closed
CUST10073,Kolkata,East,Personal Loan,Self Employed,28,1586150,1671788,10,581,90,16.49,28517,2013122,83.04,53,Medium,100,Yes,No,Overdue
CUST10074,Delhi,North,Auto Loan,Business Owner,23,705005,4654229,1,749,120,12.43,414459,2082214,200.0,45,Medium,75,Yes,No,Active
CUST10075,Hyderabad,South,Business Loan,Salaried,34,1409458,241896,30,707,5,7.92,1761,1563159,15.47,8,Low,75,No,No,Active
CUST10076,Delhi,North,Business Loan,Salaried,33,2249441,4657765,7,676,5,6.66,69527,2647765,175.91,20,Low,75,No,No,Active
CUST10077,Bengaluru,South,Home Loan,Salaried,65,1347272,1133329,20,672,90,10.14,11042,3037253,37.31,34,Medium,75,Yes,No,Active
CUST10078,Bengaluru,South,Business Loan,Self Employed,52,2282146,2430612,7,764,0,14.88,46739,984943,200.0,4,Low,50,No,No,Closed
CUST10079,Pune,West,Personal Loan,Self Employed,54,2346452,283979,25,761,10,15.98,3855,5257431,5.4,8,Low,50,No,No,Overdue
CUST10080,Bengaluru,South,Home Loan,Salaried,65,741693,4853290,10,683,5,10.05,64271,355431,200.0,31,Medium,75,No,No,Active
CUST10081,Pune,West,Personal Loan,Salaried,39,1525592,328104,20,741,90,12.45,3716,6775861,4.84,31,Medium,75,Yes,Yes,Default
CUST10082,Bengaluru,South,Business Loan,Salaried,58,1927378,2048547,30,760,10,11.55,20365,15141,200.0,6,Low,50,No,No,Active
CUST10083,Hyderabad,South,Personal Loan,Self Employed,36,1673551,4094630,20,723,90,11.43,43469,4524361,90.5,33,Medium,75,Yes,No,Closed
CUST10084,Ahmedabad,West,Personal Loan,Salaried,22,1886517,4175279,3,686,90,9.28,133318,2917199,143.13,37,Medium,75,Yes,No,Active
CUST10085,Pune,West,Auto Loan,Business Owner,60,535054,4841882,15,727,0,8.14,46664,2815263,171.99,23,Low,75,No,No,Active
CUST10086,Mumbai,West,Home Loan,Salaried,37,1435715,4379454,15,627,90,8.86,44055,3782700,115.78,49,Medium,100,Yes,No,Active
CUST10087,Chennai,South,Home Loan,Self Employed,54,1346670,1045893,30,705,0,7.16,7071,4483900,23.33,10,Low,75,No,No,Active
CUST10088,Kolkata,East,Home Loan,Salaried,62,860667,3246247,10,684,5,8.88,40912,3561669,91.14,26,Low,75,No,No,Closed
CUST10089,Bengaluru,South,Home Loan,Salaried,36,1305424,1889050,15,673,0,6.61,16570,574679,200.0,17,Low,75,No,No,Closed
CUST10090,Delhi,North,Home Loan,Self Employed,58,1396593,2720492,2,579,0,14.03,130657,1693152,160.68,33,Medium,100,No,No,Active
CUST10091,Ahmedabad,West,Home Loan,Self Employed,22,2194017,2505257,25,628,0,10.3,23297,5973300,41.94,28,Low,100,No,No,Overdue
CUST10092,Bengaluru,South,Auto Loan,Business Owner,22,624972,3027299,30,666,90,18.18,46069,5356415,56.52,51,Medium,75,Yes,No,Active
CUST10093,Delhi,North,Home Loan,Salaried,46,622899,2984317,30,763,60,8.82,23627,4337074,68.81,32,Medium,50,No,No,Closed
CUST10094,Chennai,South,Personal Loan,Salaried,33,661215,4016914,1,720,10,10.65,354366,2337099,171.88,27,Low,75,No,No,Active
CUST10095,Chennai,South,Business Loan,Self Employed,51,880636,3353481,1,766,10,10.79,296058,4805303,69.79,17,Low,50,No,No,Active
CUST10096,Chennai,South,Personal Loan,Self Employed,54,2179482,4587454,3,787,90,6.6,140810,1944741,200.0,27,Low,50,Yes,No,Active
CUST10097,Delhi,North,Auto Loan,Salaried,59,600162,1596064,3,723,0,16.57,56563,2850065,56.0,15,Low,75,No,No,Active
CUST10098,Bengaluru,South,Home Loan,Salaried,23,1832562,3290641,1,710,0,6.88,284546,884094,200.0,13,Low,75,No,No,Closed
CUST10099,Chennai,South,Home Loan,Salaried,28,2168415,2765548,15,632,30,17.78,44100,2664812,103.78,29,Low,100,No,No,Active
CUST10100,Hyderabad,South,Home Loan,Business Owner,43,225095,829091,5,839,90,17.2,20694,3714150,22.32,33,Medium,50,Yes,No,Active
CUST10101,Pune,West,Home Loan,Salaried,34,1701722,2416789,30,601,15,12.93,26602,824255,200.0,31,Medium,100,No,No,Active
CUST10102,Delhi,North,Home Loan,Salaried,47,2042205,2216791,2,708,0,13.02,105411,4789750,46.28,11,Low,75,No,No,Closed
CUST10103,Delhi,North,Home Loan,Salaried,49,2142627,3427180,30,758,0,14.35,41559,6125388,55.95,6,Low,50,No,No,Closed
CUST10104,Bengaluru,South,Home Loan,Salaried,59,1774874,1756930,7,759,0,11.14,30212,1032564,170.15,4,Low,50,No,No,Active
CUST10105,Delhi,North,Home Loan,Salaried,59,1645915,1014795,10,619,0,14.27,15922,6004327,16.9,22,Low,100,No,No,Active
CUST10106,Delhi,North,Personal Loan,Salaried,21,530067,2633236,25,671,120,7.04,18678,1181597,200.0,57,Medium,75,Yes,No,Closed
CUST10107,Chennai,South,Home Loan,Salaried,37,1886826,1628458,5,644,120,7.15,32361,573684,200.0,44,Medium,100,Yes,No,Active
CUST10108,Bengaluru,South,Personal Loan,Business Owner,61,2239385,1859771,2,561,90,11.99,87537,1419056,131.06,50,Medium,100,Yes,No,Active
CUST10109,Chennai,South,Personal Loan,Salaried,50,1621246,319515,7,709,120,13.1,5830,3177640,10.06,32,Medium,75,Yes,No,Active
CUST10110,Pune,West,Auto Loan,Salaried,33,1555645,1670179,3,650,60,17.15,59671,5299827,31.51,32,Medium,75,No,No,Active
CUST10111,Ahmedabad,West,Home Loan,Business Owner,41,1524385,3847267,2,805,30,7.76,173581,513676,200.0,16,Low,50,No,No,Active
CUST10112,Pune,West,Education Loan,Self Employed,39,2450463,721986,1,743,0,16.37,65633,490913,147.07,2,Low,75,No,No,Closed
CUST10113,Ahmedabad,West,Auto Loan,Salaried,39,1014440,2384482,30,703,60,9.02,19220,5287267,45.1,29,Low,75,No,No,Active
CUST10114,Chennai,South,Home Loan,Salaried,45,2029691,3071786,2,667,0,11.23,143498,2375804,129.29,19,Low,75,No,No,Closed
CUST10115,Pune,West,Business Loan,Salaried,42,836030,187900,10,708,0,10.3,2514,5550616,3.39,7,Low,75,No,No,Active
CUST10116,Bengaluru,South,Business Loan,Self Employed,51,1677404,4563962,20,682,120,11.3,48044,2730689,167.14,51,Medium,75,Yes,No,Overdue
CUST10117,Kolkata,East,Home Loan,Business Owner,37,879895,4744668,3,705,0,8.31,149360,6293375,75.39,27,Low,75,No,No,Active
CUST10118,Chennai,South,Home Loan,Self Employed,43,425144,1334283,25,833,30,12.54,14588,5023331,26.56,19,Low,50,No,No,Active
CUST10119,Ahmedabad,West,Education Loan,Self Employed,52,1424360,3868971,25,625,0,16.12,52940,140689,200.0,30,Low,100,No,No,Active
CUST10120,Hyderabad,South,Auto Loan,Self Employed,30,956505,1553061,2,688,60,11.8,72963,6324754,24.56,28,Low,75,No,No,Active
CUST10121,Ahmedabad,West,Home Loan,Salaried,30,1329734,563066,20,749,30,12.39,6354,1285801,43.79,8,Low,75,No,No,Active
CUST10122,Hyderabad,South,Home Loan,Salaried,56,2026585,4058146,30,672,5,16.69,56836,4070161,99.7,21,Low,75,No,No,Active
CUST10123,Delhi,North,Personal Loan,Self Employed,28,1292548,2411331,7,811,10,14.97,46490,233725,200.0,10,Low,50,No,No,Active
CUST10124,Pune,West,Personal Loan,Business Owner,40,1086450,1208343,5,747,120,12.39,27118,6568056,18.4,40,Medium,75,Yes,Yes,Default
CUST10125,Hyderabad,South,Auto Loan,Salaried,52,1711583,2581113,30,650,0,9.59,21873,1158175,200.0,31,Medium,75,Yes,Yes,Default
CUST10126,Ahmedabad,West,Personal Loan,Self Employed,34,1662795,591529,7,714,5,17.12,12129,3229449,18.32,8,Low,75,No,No,Active
CUST10127,Delhi,North,Personal Loan,Salaried,48,462140,2724415,5,651,0,13.42,62576,824356,200.0,45,Medium,75,Yes,Yes,Default
CUST10128,Kolkata,East,Auto Loan,Salaried,44,1788795,4398530,20,644,0,9.15,40000,810672,200.0,26,Low,100,No,No,Active
CUST10129,Bengaluru,South,Home Loan,Salaried,35,1395358,2203548,5,690,120,9.73,46527,6640981,33.18,40,Medium,75,Yes,No,Active
CUST10130,Bengaluru,South,Home Loan,Salaried,42,738981,1591019,30,788,0,16.14,21575,2368524,67.17,9,Low,50,No,No,Active
CUST10131,Bengaluru,South,Auto Loan,Self Employed,50,2223321,168920,10,752,30,7.03,1964,6827664,2.47,7,Low,50,No,No,Active
CUST10132,Hyderabad,South,Business Loan,Salaried,24,288944,456547,2,698,30,18.41,22883,1580296,28.89,20,Low,75,No,No,Active
CUST10133,Kolkata,East,Personal Loan,Self Employed,33,1977519,1709090,7,755,5,8.06,26689,1505367,113.53,14,Low,50,Yes,Yes,Default
CUST10134,Hyderabad,South,Personal Loan,Self Employed,43,2222754,1707583,10,719,0,16.05,28657,5877675,29.05,8,Low,75,No,No,Active
CUST10135,Pune,West,Home Loan,Business Owner,28,2138691,113014,7,618,0,11.24,1949,5635533,2.01,20,Low,100,No,No,Active
CUST10136,Hyderabad,South,Personal Loan,Salaried,38,377097,3759362,2,690,60,12.41,177687,5576749,67.41,46,Medium,75,No,No,Overdue
CUST10137,Kolkata,East,Personal Loan,Salaried,32,2133341,1285382,15,695,60,17.07,19846,1797511,71.51,23,Low,75,No,No,Active
CUST10138,Kolkata,East,Home Loan,Salaried,51,1153737,4582889,5,753,15,11.45,100675,5932150,77.26,19,Low,50,No,No,Active
CUST10139,Pune,West,Home Loan,Business Owner,34,1313387,3241849,20,660,120,12.95,37865,646052,200.0,48,Medium,75,Yes,No,Closed
CUST10140,Kolkata,East,Personal Loan,Business Owner,54,1418697,3932506,15,636,90,7.09,35545,161298,200.0,47,Medium,100,Yes,No,Active
CUST10141,Ahmedabad,West,Home Loan,Salaried,38,2047829,2469493,15,697,90,6.53,21553,2301374,107.31,32,Medium,75,Yes,No,Active
CUST10142,Kolkata,East,Personal Loan,Business Owner,54,2197807,406778,25,655,5,9.44,3537,321243,126.63,16,Low,75,No,No,Active
CUST10143,Bengaluru,South,Home Loan,Salaried,31,634151,1347682,1,677,0,14.67,121430,5355437,25.16,19,Low,75,No,No,Active
CUST10144,Ahmedabad,West,Personal Loan,Self Employed,61,1684314,3182293,30,694,0,7.96,23262,4018920,79.18,26,Low,75,Yes,Yes,Default
CUST10145,Ahmedabad,West,Home Loan,Salaried,32,1424199,1591037,10,673,120,7.87,19195,4736605,33.59,46,Medium,75,Yes,No,Overdue
CUST10146,Pune,West,Business Loan,Self Employed,35,875532,4082371,10,767,10,11.43,57233,2081530,196.12,21,Low,50,No,No,Active
CUST10147,Mumbai,West,Auto Loan,Salaried,51,475866,4904501,10,799,0,14.27,76949,2988793,164.1,20,Low,50,No,No,Active
CUST10148,Mumbai,West,Auto Loan,Business Owner,49,977057,2652352,10,760,15,15.04,42857,6787865,39.07,14,Low,50,No,No,Active
CUST10149,Kolkata,East,Education Loan,Self Employed,46,378237,1581817,30,576,30,8.64,12320,3077165,51.41,59,Medium,100,Yes,Yes,Default
CUST10150,Ahmedabad,West,Personal Loan,Self Employed,38,2222589,2065074,15,655,0,7.46,19097,1675125,123.28,18,Low,75,No,No,Active
CUST10151,Mumbai,West,Home Loan,Salaried,52,1140811,4770058,30,687,15,17.78,71033,4457005,107.02,29,Low,75,No,No,Active
CUST10152,Mumbai,West,Personal Loan,Salaried,42,1985518,4012931,10,571,60,9.63,52212,4093898,98.02,47,Medium,100,No,No,Closed
CUST10153,Kolkata,East,Auto Loan,Salaried,58,1512559,4590334,1,639,10,16.74,418094,2800212,163.93,41,Medium,100,Yes,Yes,Default
CUST10154,Mumbai,West,Auto Loan,Salaried,37,2326674,1852502,3,687,30,16.86,65918,130878,200.0,19,Low,75,No,No,Active
CUST10155,Hyderabad,South,Personal Loan,Salaried,43,1601969,1512538,2,669,120,15.77,73892,6914887,21.87,41,Medium,75,Yes,No,Active
CUST10156,Delhi,North,Home Loan,Business Owner,44,2284637,2076819,10,701,15,8.53,25783,4743170,43.79,14,Low,75,No,No,Active
CUST10157,Pune,West,Personal Loan,Self Employed,28,1653247,2124520,20,603,5,16.36,30133,3744795,56.73,28,Low,100,No,No,Active
CUST10158,Delhi,North,Personal Loan,Salaried,61,1995920,2482665,3,668,30,15.73,86953,2762108,89.88,24,Low,75,No,No,Active
CUST10159,Kolkata,East,Auto Loan,Salaried,26,2162847,3984053,30,711,120,13.66,46136,1892508,200.0,38,Medium,75,Yes,No,Closed
CUST10160,Bengaluru,South,Personal Loan,Salaried,25,2389853,782722,20,701,90,10.55,7841,2693974,29.05,27,Low,75,Yes,No,Active
CUST10161,Pune,West,Personal Loan,Self Employed,64,387352,1841396,20,731,120,9.65,17345,2893713,63.63,47,Medium,75,Yes,No,Active
CUST10162,Kolkata,East,Business Loan,Salaried,49,1855502,1250847,7,727,120,7.96,19471,4650914,26.89,31,Medium,75,Yes,No,Active
CUST10163,Ahmedabad,West,Auto Loan,Business Owner,48,364514,1084104,20,672,30,12.62,12409,6488574,16.71,30,Low,75,No,No,Active
CUST10164,Bengaluru,South,Home Loan,Salaried,31,978658,2500700,10,708,10,13.52,38109,4992332,50.09,19,Low,75,No,No,Active
CUST10165,Delhi,North,Home Loan,Business Owner,21,2037596,3925416,7,644,30,10.81,66821,6881099,57.05,30,Low,100,No,No,Closed
CUST10166,Kolkata,East,Home Loan,Business Owner,63,1438624,4068293,25,681,0,12.2,43451,6828718,59.58,22,Low,75,No,No,Active
CUST10167,Ahmedabad,West,Home Loan,Salaried,39,1915645,1266053,15,626,0,10.86,14279,3343473,37.87,21,Low,100,No,No,Active
CUST10168,Pune,West,Home Loan,Business Owner,29,2314171,4151599,20,775,10,14.19,52200,1947012,200.0,9,Low,50,No,No,Active
CUST10169,Pune,West,Home Loan,Salaried,47,1142452,1744000,1,681,5,17.32,159326,3397094,51.34,17,Low,75,No,No,Active
CUST10170,Chennai,South,Personal Loan,Business Owner,54,1490073,1440598,2,774,10,8.47,65464,3534666,40.76,6,Low,50,No,No,Active
CUST10171,Ahmedabad,West,Home Loan,Salaried,64,769421,4596925,20,722,60,11.08,47699,6778105,67.82,42,Medium,75,No,No,Overdue
CUST10172,Hyderabad,South,Business Loan,Business Owner,24,1950394,2619849,25,638,5,8.19,20551,5050938,51.87,23,Low,100,No,No,Active
CUST10173,Mumbai,West,Home Loan,Business Owner,56,2435750,781658,5,718,90,14.0,18188,6365898,12.28,25,Low,75,Yes,No,Closed
CUST10174,Bengaluru,South,Personal Loan,Business Owner,38,1998036,3846315,30,757,30,15.25,49404,4871482,78.96,14,Low,50,No,No,Active
CUST10175,Ahmedabad,West,Personal Loan,Self Employed,35,2269934,4929797,30,695,120,17.68,73010,2009326,200.0,42,Medium,75,Yes,No,Active
CUST10176,Chennai,South,Business Loan,Salaried,33,1721326,3825702,25,705,30,9.85,34360,4193513,91.23,27,Low,75,No,No,Overdue
CUST10177,Mumbai,West,Home Loan,Salaried,39,648758,4140284,5,661,60,17.9,104911,3725614,111.13,46,Medium,75,No,No,Active
CUST10178,Mumbai,West,Personal Loan,Salaried,26,1135205,2449771,30,702,15,7.26,16728,2230878,109.81,19,Low,75,No,No,Closed
CUST10179,Kolkata,East,Business Loan,Salaried,32,2303091,2505918,30,717,60,13.74,29177,6849502,36.59,22,Low,75,No,No,Active
CUST10180,Mumbai,West,Business Loan,Self Employed,57,1146649,3855721,30,659,0,7.19,26146,6053516,63.69,27,Low,75,No,No,Active
CUST10181,Hyderabad,South,Education Loan,Salaried,37,966635,2416304,25,624,120,17.23,35183,4321613,55.91,54,Medium,100,Yes,No,Closed
CUST10182,Pune,West,Home Loan,Business Owner,43,1114048,360435,15,790,120,12.86,4527,4884592,7.38,31,Medium,50,Yes,No,Overdue
CUST10183,Chennai,South,Home Loan,Self Employed,46,2044071,208477,2,742,0,14.53,10062,6805100,3.06,7,Low,75,No,No,Overdue
CUST10184,Mumbai,West,Auto Loan,Business Owner,49,708036,2445682,25,662,15,16.48,34158,6476137,37.76,30,Low,75,No,No,Active
CUST10185,Kolkata,East,Business Loan,Salaried,53,1607989,3780370,5,715,0,8.3,77196,3700568,102.16,15,Low,75,No,No,Active
CUST10186,Hyderabad,South,Personal Loan,Business Owner,47,2212709,2487839,20,596,90,6.96,19229,4176672,59.57,46,Medium,100,Yes,No,Closed
CUST10187,Delhi,North,Personal Loan,Business Owner,45,1047196,3738173,15,562,0,17.05,57663,403552,200.0,42,Medium,100,No,No,Closed
CUST10188,Pune,West,Home Loan,Salaried,30,1380532,1396652,15,776,0,10.28,15249,5552061,25.16,4,Low,50,No,No,Active
CUST10189,Pune,West,Education Loan,Self Employed,43,1179074,3978685,20,716,30,8.05,33403,6438734,61.79,25,Low,75,No,No,Active
CUST10190,Chennai,South,Home Loan,Self Employed,41,644462,2030407,1,697,0,12.12,180513,3189291,63.66,26,Low,75,No,No,Overdue
CUST10191,Pune,West,Personal Loan,Salaried,41,854619,3327746,7,716,120,13.68,61775,1066937,200.0,46,Medium,75,Yes,No,Active
CUST10192,Mumbai,West,Personal Loan,Salaried,63,1356792,851125,2,850,60,6.87,38057,6070647,14.02,15,Low,50,No,No,Active
CUST10193,Kolkata,East,Personal Loan,Salaried,33,2148183,2436537,2,761,15,9.8,112209,1123045,200.0,13,Low,50,No,No,Overdue
CUST10194,Pune,West,Home Loan,Salaried,57,1996250,3048778,1,627,30,6.89,263646,1569157,194.29,31,Medium,100,No,No,Active
CUST10195,Pune,West,Home Loan,Salaried,53,2452759,2743695,7,582,30,11.54,47761,3656299,75.04,36,Medium,100,No,No,Active
CUST10196,Delhi,North,Auto Loan,Salaried,44,589319,1818693,2,774,15,17.24,90130,4744408,38.33,15,Low,50,No,No,Closed
CUST10197,Delhi,North,Personal Loan,Salaried,64,454535,2041161,5,760,120,18.29,52155,1830286,111.52,43,Medium,50,Yes,No,Active
CUST10198,Bengaluru,South,Auto Loan,Salaried,31,1126405,3912949,3,740,90,14.14,134002,3816707,102.52,34,Medium,75,Yes,No,Closed
CUST10199,Hyderabad,South,Home Loan,Business Owner,37,801825,1360015,3,643,90,8.44,42895,234295,200.0,42,Medium,100,Yes,No,Active
CUST10200,Mumbai,West,Personal Loan,Salaried,24,1097472,3906600,2,725,30,17.37,193846,4811071,81.2,24,Low,75,No,No,Active
CUST10201,Pune,West,Personal Loan,Business Owner,45,2458581,4563257,10,649,90,12.69,67303,4221123,108.11,41,Medium,100,Yes,No,Active
CUST10202,Ahmedabad,West,Home Loan,Salaried,50,2184517,151894,2,746,120,8.34,6893,4074973,3.73,36,Medium,75,Yes,Yes,Default
CUST10203,Pune,West,Personal Loan,Salaried,29,1001935,1458277,20,769,0,17.56,22013,3530202,41.31,6,Low,50,No,No,Active
CUST10204,Kolkata,East,Home Loan,Salaried,41,2242362,2583200,20,662,0,15.59,35147,8798,200.0,18,Low,75,No,No,Active
CUST10205,Bengaluru,South,Home Loan,Salaried,40,2187338,1654592,7,779,0,15.28,32189,4874807,33.94,3,Low,50,No,No,Active
CUST10206,Hyderabad,South,Business Loan,Salaried,39,768574,4524024,30,708,10,15.01,57240,5668843,79.81,28,Low,75,No,No,Active
CUST10207,Ahmedabad,West,Personal Loan,Self Employed,39,284927,3617945,15,734,5,8.9,36481,3900275,92.76,23,Low,75,No,No,Active
CUST10208,Bengaluru,South,Education Loan,Salaried,32,2029916,3716569,5,608,0,9.03,77204,5896712,63.03,29,Low,100,No,No,Active
CUST10209,Chennai,South,Home Loan,Self Employed,57,203386,3279112,1,716,90,14.76,295596,3822270,85.79,44,Medium,75,Yes,No,Active
CUST10210,Hyderabad,South,Auto Loan,Self Employed,62,1406402,1098966,2,653,0,9.14,50277,4728007,23.24,18,Low,75,No,No,Active
CUST10211,Pune,West,Education Loan,Salaried,37,1519022,4650549,30,733,60,11.76,46979,1977165,200.0,27,Low,75,No,No,Closed
CUST10212,Pune,West,Auto Loan,Salaried,57,1551535,4266794,30,803,15,15.88,56965,3553952,120.06,14,Low,50,No,No,Closed
CUST10213,Hyderabad,South,Personal Loan,Self Employed,59,432156,882307,5,720,10,15.91,21414,3757654,23.48,15,Low,75,No,No,Active
CUST10214,Pune,West,Personal Loan,Salaried,48,1029776,2139632,1,637,0,11.94,190044,3603019,59.38,25,Low,100,No,No,Active
CUST10215,Mumbai,West,Personal Loan,Salaried,61,1133122,1890875,20,744,5,16.01,26321,2039436,92.72,9,Low,75,No,No,Closed
CUST10216,Hyderabad,South,Business Loan,Business Owner,55,649450,4849412,25,728,0,16.56,68036,2731645,177.53,23,Low,75,No,No,Closed
CUST10217,Bengaluru,South,Education Loan,Salaried,38,503258,2418417,5,844,0,14.36,56725,5261050,45.97,19,Low,50,No,No,Active
CUST10218,Hyderabad,South,Business Loan,Self Employed,34,2478354,4245843,30,718,10,9.24,34899,4210563,100.84,19,Low,75,No,No,Overdue
CUST10219,Ahmedabad,West,Home Loan,Business Owner,55,294589,3605971,3,659,15,9.79,115999,6575699,54.84,37,Medium,75,No,No,Active
CUST10220,Pune,West,Auto Loan,Salaried,64,1373982,4056389,2,754,0,10.28,187706,1189297,200.0,12,Low,50,No,No,Active
CUST10221,Mumbai,West,Business Loan,Salaried,61,799003,362579,7,691,0,7.9,5633,5372274,6.75,11,Low,75,No,No,Active
CUST10222,Mumbai,West,Home Loan,Salaried,27,373839,4123542,3,706,15,9.78,132630,1013295,200.0,35,Medium,75,No,No,Overdue
CUST10223,Chennai,South,Home Loan,Salaried,61,686453,1613825,30,635,5,9.01,12997,3317837,48.64,28,Low,100,No,No,Active
CUST10224,Bengaluru,South,Auto Loan,Salaried,33,625872,3568920,15,691,90,11.96,42741,5516829,64.69,48,Medium,75,Yes,No,Closed
CUST10225,Delhi,North,Personal Loan,Self Employed,38,1735811,4078604,10,702,10,17.4,71922,1091723,200.0,19,Low,75,No,No,Active
CUST10226,Delhi,North,Education Loan,Salaried,57,1062894,3527794,1,691,5,7.75,306470,4268584,82.65,23,Low,75,No,No,Active
CUST10227,Hyderabad,South,Home Loan,Salaried,33,1836042,1574631,20,659,0,15.14,20898,5420005,29.05,17,Low,75,No,No,Active
CUST10228,Chennai,South,Education Loan,Business Owner,56,2170073,1241890,2,720,15,14.75,60068,368921,200.0,15,Low,75,No,No,Overdue
CUST10229,Kolkata,East,Home Loan,Business Owner,51,933492,2395251,7,635,120,7.65,36917,1670705,143.37,53,Medium,100,Yes,No,Active
CUST10230,Hyderabad,South,Home Loan,Self Employed,22,276393,2942531,25,619,0,17.57,43641,1697590,173.34,40,Medium,100,No,No,Active
CUST10231,Chennai,South,Home Loan,Salaried,36,2090332,2873978,20,750,30,13.32,34328,6681959,43.01,12,Low,50,No,No,Active
CUST10232,Bengaluru,South,Education Loan,Self Employed,29,1658081,4233583,2,743,0,10.86,197043,2173367,194.79,16,Low,75,No,No,Overdue
CUST10233,Bengaluru,South,Auto Loan,Salaried,29,1750889,956395,25,608,90,15.58,12682,5880077,16.27,42,Medium,100,Yes,No,Active
CUST10234,Bengaluru,South,Personal Loan,Salaried,58,1725491,3878239,7,572,10,9.59,63565,1406085,200.0,38,Medium,100,No,No,Active
CUST10235,Bengaluru,South,Personal Loan,Salaried,31,817999,4580734,30,629,60,14.82,57262,3418857,133.98,51,Medium,100,No,No,Active
CUST10236,Bengaluru,South,Business Loan,Business Owner,42,919538,3473994,10,691,15,6.98,40300,2626301,132.28,37,Medium,75,Yes,Yes,Default
CUST10237,Chennai,South,Personal Loan,Salaried,53,1239670,4907018,3,781,120,16.57,173900,2029662,200.0,46,Medium,50,Yes,No,Overdue
CUST10238,Chennai,South,Education Loan,Salaried,56,2102967,1994606,3,689,60,11.88,66135,6553424,30.44,25,Low,75,No,No,Closed
CUST10239,Mumbai,West,Personal Loan,Salaried,65,1130922,4855028,30,646,0,14.14,58064,1755864,200.0,33,Medium,100,No,No,Active
CUST10240,Ahmedabad,West,Personal Loan,Salaried,43,2020749,2357600,20,710,0,9.15,21440,296508,200.0,11,Low,75,No,No,Active
CUST10241,Delhi,North,Personal Loan,Business Owner,65,1864449,1020278,30,692,10,14.62,12591,4538847,22.48,18,Low,75,No,No,Overdue
CUST10242,Pune,West,Personal Loan,Self Employed,65,645590,545919,30,603,120,15.77,7240,1538827,35.48,50,Medium,100,Yes,No,Active
CUST10243,Bengaluru,South,Auto Loan,Self Employed,54,1739067,3331837,2,604,0,12.18,157121,1821936,182.87,30,Low,100,No,No,Active
CUST10244,Kolkata,East,Personal Loan,Salaried,29,1613284,2998134,2,606,60,13.91,143822,2611212,114.82,42,Medium,100,No,No,Active
CUST10245,Pune,West,Home Loan,Salaried,44,1297374,2359608,7,850,120,11.98,41628,2321554,101.64,37,Medium,50,Yes,No,Overdue
CUST10246,Chennai,South,Business Loan,Salaried,28,2478756,1397203,10,760,60,17.23,24487,4761515,29.34,15,Low,50,No,No,Active
CUST10247,Kolkata,East,Personal Loan,Salaried,27,2387282,516589,2,658,0,12.47,24431,3332696,15.5,15,Low,75,No,No,Active
CUST10248,Kolkata,East,Personal Loan,Salaried,56,210257,2443365,7,778,5,16.6,49369,4696158,52.03,26,Low,50,No,No,Overdue
CUST10249,Kolkata,East,Business Loan,Self Employed,38,587427,1237018,15,660,120,16.12,18272,5590842,22.13,47,Medium,75,Yes,No,Active
CUST10250,Mumbai,West,Auto Loan,Salaried,23,1165257,1742737,30,775,0,11.43,17165,2787352,62.52,6,Low,50,No,No,Active
CUST10251,Chennai,South,Home Loan,Salaried,48,1281267,2317357,30,706,5,9.26,19081,1381880,167.7,25,Low,75,Yes,Yes,Default
CUST10252,Kolkata,East,Business Loan,Salaried,26,2235845,1849971,20,654,5,11.37,19563,5371045,34.44,29,Low,75,Yes,Yes,Default
CUST10253,Bengaluru,South,Auto Loan,Salaried,64,1832632,1194337,15,748,120,16.41,17884,3376042,35.38,33,Medium,75,Yes,No,Overdue
CUST10254,Hyderabad,South,Personal Loan,Salaried,64,598829,1474473,20,710,90,9.23,13485,2498544,59.01,35,Medium,75,Yes,No,Closed
CUST10255,Kolkata,East,Home Loan,Business Owner,41,723898,3300428,25,728,0,12.79,36702,295673,200.0,22,Low,75,No,No,Active
CUST10256,Mumbai,West,Education Loan,Business Owner,48,1726933,3632334,7,715,0,16.17,72498,2765453,131.35,19,Low,75,No,No,Overdue
CUST10257,Pune,West,Auto Loan,Business Owner,60,505329,623881,7,714,90,10.74,10597,525957,118.62,29,Low,75,Yes,No,Active
CUST10258,Chennai,South,Personal Loan,Salaried,21,1407222,1068454,30,756,90,14.21,12838,1789718,59.7,27,Low,50,Yes,No,Overdue
CUST10259,Ahmedabad,West,Business Loan,Salaried,56,1221482,3928551,5,850,0,9.45,82411,6146685,63.91,18,Low,50,No,No,Overdue
CUST10260,Mumbai,West,Education Loan,Salaried,41,1746996,4885925,25,787,15,7.81,37097,6598459,74.05,14,Low,50,No,No,Active
CUST10261,Kolkata,East,Home Loan,Salaried,63,1723812,3351394,7,715,120,16.03,66623,3725802,89.95,43,Medium,75,Yes,No,Overdue
CUST10262,Chennai,South,Personal Loan,Business Owner,55,2131144,2877364,2,678,60,7.69,129729,4900747,58.71,29,Low,75,No,No,Closed
CUST10263,Hyderabad,South,Home Loan,Salaried,33,1045256,3404513,30,686,0,9.76,29275,4103308,82.97,23,Low,75,No,No,Active
CUST10264,Kolkata,East,Auto Loan,Salaried,30,2175957,2485678,20,612,90,16.76,36007,3690339,67.36,44,Medium,100,Yes,No,Closed
CUST10265,Mumbai,West,Home Loan,Salaried,64,180917,1726644,15,747,0,10.66,19258,2327654,74.18,20,Low,75,No,No,Active
CUST10266,Delhi,North,Personal Loan,Salaried,30,1031007,3176813,20,629,15,18.18,49469,6024417,52.73,34,Medium,100,No,No,Active
CUST10267,Bengaluru,South,Education Loan,Self Employed,33,459143,1663560,3,674,0,18.26,60359,6812222,24.42,26,Low,75,No,No,Active
CUST10268,Ahmedabad,West,Business Loan,Salaried,57,442091,2343673,5,747,30,9.72,49474,4167973,56.23,27,Low,75,No,No,Active
CUST10269,Pune,West,Personal Loan,Salaried,58,1683637,3525488,7,683,0,6.99,53192,301951,200.0,23,Low,75,No,No,Overdue
CUST10270,Mumbai,West,Education Loan,Salaried,44,583157,3070745,10,666,30,14.96,49467,4584753,66.98,49,Medium,75,Yes,Yes,Default
CUST10271,Chennai,South,Home Loan,Salaried,22,2125692,4694068,1,616,5,11.91,416865,4183293,112.21,30,Low,100,No,No,Active
CUST10272,Ahmedabad,West,Education Loan,Self Employed,42,2336973,3352923,5,784,90,7.71,67521,312499,200.0,24,Low,50,Yes,No,Active
CUST10273,Ahmedabad,West,Home Loan,Business Owner,37,429265,3245741,30,642,10,14.99,41015,495655,200.0,38,Medium,100,No,No,Active
CUST10274,Ahmedabad,West,Personal Loan,Business Owner,56,1564822,2548714,7,659,0,6.87,38305,1686279,151.14,30,Low,75,Yes,Yes,Default
CUST10275,Kolkata,East,Education Loan,Self Employed,34,2480986,266486,15,575,60,16.94,4090,4107964,6.49,39,Medium,100,No,No,Active
CUST10276,Bengaluru,South,Home Loan,Salaried,30,1987402,476888,7,699,15,8.16,7471,4465159,10.68,12,Low,75,No,No,Closed
CUST10277,Kolkata,East,Home Loan,Self Employed,55,2129902,3606597,1,677,0,8.03,313782,2553447,141.24,23,Low,75,No,No,Overdue
CUST10278,Chennai,South,Auto Loan,Salaried,45,1315371,885988,15,713,0,8.61,8782,5250784,16.87,8,Low,75,No,No,Active
CUST10279,Kolkata,East,Auto Loan,Salaried,23,508821,600428,20,618,60,18.02,9276,3734049,16.08,42,Medium,100,No,No,Overdue
CUST10280,Delhi,North,Auto Loan,Business Owner,58,839987,4507632,15,751,120,14.82,62533,6115790,73.7,50,Medium,50,Yes,No,Overdue
CUST10281,Bengaluru,South,Auto Loan,Salaried,37,423877,2139706,5,571,30,16.12,52170,6411491,33.37,58,Medium,100,No,No,Overdue
CUST10282,Bengaluru,South,Personal Loan,Business Owner,32,1727419,1778782,20,694,120,11.27,18688,5988027,29.71,38,Medium,75,Yes,No,Active
CUST10283,Chennai,South,Home Loan,Salaried,44,1100759,4355665,7,708,15,10.54,73530,5429048,80.23,25,Low,75,No,No,Active
CUST10284,Pune,West,Personal Loan,Self Employed,49,1941369,2939190,30,704,0,9.31,24308,1270242,200.0,18,Low,75,No,No,Overdue
CUST10285,Delhi,North,Home Loan,Self Employed,63,2413437,447172,25,711,90,12.27,4799,6556693,6.82,25,Low,75,Yes,No,Active
CUST10286,Mumbai,West,Business Loan,Business Owner,45,1772268,664673,30,755,0,13.12,7415,6578518,10.1,2,Low,50,No,No,Active
CUST10287,Kolkata,East,Auto Loan,Self Employed,56,2393697,305658,7,793,10,14.08,5742,3087399,9.9,3,Low,50,No,No,Active
CUST10288,Hyderabad,South,Personal Loan,Self Employed,46,1647172,1540641,1,689,30,9.59,135153,2290860,67.25,19,Low,75,No,No,Active
CUST10289,Kolkata,East,Personal Loan,Salaried,58,1936963,1780283,25,632,30,17.88,26844,2811318,63.33,28,Low,100,No,No,Active
CUST10290,Ahmedabad,West,Business Loan,Salaried,21,2038997,804085,7,739,0,8.54,12750,1189042,67.62,3,Low,75,No,No,Active
CUST10291,Kolkata,East,Home Loan,Salaried,40,965945,801993,10,680,5,18.09,14497,1173077,68.37,15,Low,75,No,No,Active
CUST10292,Mumbai,West,Auto Loan,Self Employed,48,1598826,775571,5,789,120,6.68,15240,4978820,15.58,27,Low,50,Yes,No,Active
CUST10293,Kolkata,East,Personal Loan,Salaried,36,466663,878282,10,658,30,12.27,12738,4811102,18.26,28,Low,75,No,No,Active
CUST10294,Delhi,North,Auto Loan,Self Employed,37,961163,521761,20,640,60,10.5,5209,3239436,16.11,31,Medium,100,No,No,Closed
CUST10295,Delhi,North,Home Loan,Salaried,60,2037447,3485715,3,710,0,11.89,115593,6913563,50.42,13,Low,75,No,No,Closed
CUST10296,Bengaluru,South,Business Loan,Salaried,48,1609290,4152748,7,578,90,13.35,76339,1030649,200.0,55,Medium,100,Yes,No,Active
CUST10297,Chennai,South,Business Loan,Self Employed,32,1174453,2624469,2,667,30,11.73,123212,3381331,77.62,28,Low,75,No,No,Active
CUST10298,Pune,West,Personal Loan,Salaried,47,2292147,367942,2,677,60,11.48,17231,3027936,12.15,24,Low,75,No,No,Active
CUST10299,Hyderabad,South,Auto Loan,Salaried,62,2300711,3944456,15,715,15,15.29,55992,4754895,82.96,15,Low,75,No,No,Active
CUST10300,Ahmedabad,West,Business Loan,Salaried,50,701244,3895204,30,630,15,14.73,48413,551741,200.0,41,Medium,100,No,No,Active
CUST10301,Kolkata,East,Auto Loan,Business Owner,61,2256967,387462,30,638,90,16.5,5367,895318,43.28,36,Medium,100,Yes,No,Active
CUST10302,Kolkata,East,Home Loan,Self Employed,54,1579769,3978207,30,781,5,9.5,33451,6090007,65.32,11,Low,50,No,No,Active
CUST10303,Mumbai,West,Personal Loan,Salaried,57,1905055,4594350,10,699,10,13.81,70811,723809,200.0,19,Low,75,No,No,Closed
CUST10304,Chennai,South,Auto Loan,Salaried,26,624755,471773,5,761,90,13.52,10860,1572102,30.01,22,Low,50,Yes,No,Active
CUST10305,Delhi,North,Personal Loan,Salaried,27,668051,2480630,7,662,0,10.94,42396,156837,200.0,33,Medium,75,No,No,Overdue
CUST10306,Hyderabad,South,Auto Loan,Self Employed,52,1005782,4613167,1,696,5,12.33,410587,5638436,81.82,27,Low,75,No,No,Active
CUST10307,Bengaluru,South,Business Loan,Self Employed,52,619439,2880514,15,715,30,10.27,31432,519676,200.0,40,Medium,75,Yes,Yes,Default
CUST10308,Delhi,North,Business Loan,Salaried,45,1254093,2845126,20,822,90,8.2,24153,1795651,158.45,28,Low,50,Yes,No,Active
CUST10309,Ahmedabad,West,Personal Loan,Salaried,53,595466,4316399,25,685,120,9.07,36430,5205217,82.92,55,Medium,75,Yes,No,Active
CUST10310,Chennai,South,Home Loan,Salaried,27,1444134,2777364,20,688,15,7.77,22835,1610921,172.41,20,Low,75,No,No,Active
CUST10311,Ahmedabad,West,Business Loan,Self Employed,32,1688590,3673638,7,777,60,14.7,70272,6160981,59.63,21,Low,50,No,No,Active
CUST10312,Pune,West,Education Loan,Self Employed,36,1745615,2767892,3,673,90,14.43,95179,5861823,47.22,37,Medium,75,Yes,No,Active
CUST10313,Bengaluru,South,Home Loan,Salaried,36,2074554,137593,30,720,120,17.91,2064,4463593,3.08,30,Low,75,Yes,No,Active
CUST10314,Pune,West,Business Loan,Salaried,63,701396,741252,25,771,5,15.26,9644,6916950,10.72,5,Low,50,No,No,Closed
CUST10315,Mumbai,West,Business Loan,Salaried,56,1334262,952473,10,660,0,7.12,11118,3973883,23.97,16,Low,75,No,No,Active
CUST10316,Ahmedabad,West,Personal Loan,Business Owner,33,1841015,176202,7,724,60,17.11,3612,2694670,6.54,17,Low,75,No,No,Closed
CUST10317,Mumbai,West,Auto Loan,Salaried,27,1127272,2224758,3,822,0,16.85,79153,6970746,31.92,8,Low,50,No,No,Active
CUST10318,Kolkata,East,Personal Loan,Self Employed,56,899778,3319497,10,764,0,11.82,47280,5659848,58.65,20,Low,50,No,No,Overdue
CUST10319,Pune,West,Home Loan,Self Employed,29,1716178,168542,3,720,30,13.53,5722,1156714,14.57,11,Low,75,No,No,Active
CUST10320,Chennai,South,Personal Loan,Salaried,52,1926724,1467158,30,684,120,18.21,22363,4161460,35.26,38,Medium,75,Yes,No,Active
CUST10321,Ahmedabad,West,Education Loan,Salaried,31,2329598,1885932,10,658,90,12.89,28037,736664,200.0,36,Medium,75,Yes,No,Active
CUST10322,Hyderabad,South,Home Loan,Salaried,28,891943,2722762,5,631,90,17.36,68196,5875836,46.34,49,Medium,100,Yes,No,Active
CUST10323,Bengaluru,South,Personal Loan,Self Employed,53,1655790,1693906,2,806,0,7.5,76225,3868784,43.78,4,Low,50,No,No,Active
CUST10324,Delhi,North,Personal Loan,Self Employed,43,2417300,3766434,20,792,15,8.79,33381,504788,200.0,9,Low,50,No,No,Active
CUST10325,Chennai,South,Personal Loan,Self Employed,45,211085,505433,5,654,30,11.79,11190,1506440,33.55,30,Low,75,No,No,Closed
CUST10326,Chennai,South,Business Loan,Salaried,28,1546291,4869291,25,724,120,13.52,56833,5299695,91.88,46,Medium,75,Yes,No,Overdue
CUST10327,Mumbai,West,Personal Loan,Salaried,65,2128939,140140,15,708,90,16.29,2087,4411045,3.18,25,Low,75,Yes,No,Active
CUST10328,Pune,West,Personal Loan,Business Owner,42,1740336,1565554,2,783,0,18.36,78431,1477482,105.96,14,Low,50,Yes,Yes,Default
CUST10329,Ahmedabad,West,Auto Loan,Self Employed,24,215903,1634645,5,727,60,11.17,35680,2840918,57.54,46,Medium,75,Yes,Yes,Default
CUST10330,Ahmedabad,West,Personal Loan,Salaried,60,1432137,1497307,7,698,30,7.07,22650,5201840,28.78,23,Low,75,No,No,Overdue
CUST10331,Kolkata,East,Home Loan,Business Owner,23,2178173,3796962,3,662,5,16.11,133696,2941507,129.08,21,Low,75,No,No,Active
CUST10332,Kolkata,East,Personal Loan,Self Employed,49,1843900,3280786,25,724,0,13.75,38866,3313372,99.02,11,Low,75,No,No,Active
CUST10333,Bengaluru,South,Home Loan,Self Employed,61,792242,4726103,7,676,60,8.88,75751,1233678,200.0,44,Medium,75,No,No,Active
CUST10334,Mumbai,West,Home Loan,Self Employed,49,692493,3501001,2,715,10,12.44,165525,6621504,52.87,27,Low,75,No,No,Closed
CUST10335,Chennai,South,Personal Loan,Business Owner,54,1670017,3466403,3,695,15,15.41,120861,6011701,57.66,20,Low,75,No,No,Active
CUST10336,Ahmedabad,West,Personal Loan,Self Employed,54,1049446,1848594,25,674,30,15.74,24744,6528925,28.31,25,Low,75,No,No,Active
CUST10337,Hyderabad,South,Business Loan,Salaried,48,821593,3671420,15,632,120,12.5,45251,1125664,200.0,61,High,100,Yes,No,Active
CUST10338,Mumbai,West,Personal Loan,Salaried,33,1647130,2439127,2,736,0,10.16,112734,6821352,35.76,8,Low,75,No,No,Active
CUST10339,Bengaluru,South,Auto Loan,Business Owner,35,1714227,3993439,25,703,60,18.18,61173,2087403,191.31,29,Low,75,No,No,Closed
CUST10340,Bengaluru,South,Auto Loan,Salaried,43,2477905,1945618,5,825,5,14.46,45736,2667107,72.95,4,Low,50,No,No,Active
CUST10341,Mumbai,West,Home Loan,Salaried,64,212101,4690239,25,628,90,11.4,47332,3725563,125.89,57,Medium,100,Yes,No,Closed
CUST10342,Bengaluru,South,Auto Loan,Salaried,46,182775,2927448,2,744,0,9.87,134911,5121670,57.16,21,Low,75,No,No,Closed
CUST10343,Mumbai,West,Home Loan,Salaried,24,1864361,1301661,30,694,0,15.27,16740,6157703,21.14,11,Low,75,No,No,Active
CUST10344,Delhi,North,Business Loan,Self Employed,46,2322771,3514524,5,847,15,9.41,73657,3380635,103.96,9,Low,50,No,No,Active
CUST10345,Mumbai,West,Home Loan,Business Owner,60,1986210,1164100,7,738,120,8.56,18470,2959532,39.33,29,Low,75,Yes,No,Closed
CUST10346,Pune,West,Personal Loan,Salaried,29,2342301,1559390,2,723,0,12.86,74034,4150122,37.57,7,Low,75,No,No,Active
CUST10347,Mumbai,West,Home Loan,Salaried,25,206616,2057878,30,694,5,9.98,18029,1106136,186.04,29,Low,75,No,No,Active
CUST10348,Bengaluru,South,Business Loan,Salaried,52,926055,4762037,1,651,60,14.05,427682,901495,200.0,47,Medium,75,No,No,Active
CUST10349,Ahmedabad,West,Personal Loan,Business Owner,40,1414215,365617,15,722,120,7.92,3477,3120847,11.72,30,Low,75,Yes,No,Active
CUST10350,Pune,West,Auto Loan,Self Employed,31,386903,1854053,30,603,10,14.36,22498,2311753,80.2,43,Medium,100,No,No,Active
CUST10351,Bengaluru,South,Home Loan,Salaried,35,1459894,1143015,1,606,90,9.9,100436,2977802,38.38,43,Medium,100,Yes,No,Active
CUST10352,Kolkata,East,Auto Loan,Business Owner,52,2076807,4520756,20,771,15,6.5,33706,2473758,182.75,12,Low,50,No,No,Active
CUST10353,Kolkata,East,Home Loan,Business Owner,48,1218218,141563,3,577,0,8.02,4437,6975231,2.03,26,Low,100,No,No,Active
CUST10354,Ahmedabad,West,Business Loan,Business Owner,42,532365,2898768,30,678,15,17.7,42978,2030603,142.75,39,Medium,75,No,No,Overdue
CUST10355,Ahmedabad,West,Home Loan,Business Owner,61,541309,1395801,10,627,15,16.91,24179,5131131,27.2,32,Medium,100,No,No,Active
CUST10356,Pune,West,Home Loan,Salaried,37,235863,2877754,15,672,15,9.3,29704,3330014,86.42,40,Medium,75,No,No,Overdue
CUST10357,Delhi,North,Home Loan,Self Employed,46,2097577,1632701,30,713,60,15.84,21745,4474445,36.49,21,Low,75,No,No,Active
CUST10358,Ahmedabad,West,Personal Loan,Salaried,64,1731899,1740992,1,769,15,13.8,156155,5168811,33.68,7,Low,50,No,No,Closed
CUST10359,Kolkata,East,Personal Loan,Business Owner,27,957635,4412200,10,785,10,18.15,79928,3149407,140.1,21,Low,50,No,No,Active
CUST10360,Mumbai,West,Home Loan,Self Employed,62,893340,1067497,15,636,0,10.98,12120,6779697,15.75,22,Low,100,No,No,Closed
CUST10361,Bengaluru,South,Education Loan,Self Employed,46,458495,3909949,10,667,5,14.68,62317,3710324,105.38,33,Medium,75,No,No,Active
CUST10362,Kolkata,East,Personal Loan,Self Employed,45,1011257,4274367,5,850,120,7.26,85163,6986658,61.18,42,Medium,50,Yes,No,Closed
CUST10363,Kolkata,East,Personal Loan,Salaried,30,2026357,3789469,1,682,10,11.25,335362,982912,200.0,20,Low,75,No,No,Active
CUST10364,Delhi,North,Personal Loan,Salaried,65,2059262,304371,25,638,120,18.07,4636,2544306,11.96,42,Medium,100,Yes,No,Active
CUST10365,Pune,West,Personal Loan,Business Owner,39,2053233,3133128,5,650,5,12.97,71240,529983,200.0,22,Low,75,No,No,Active
CUST10366,Pune,West,Personal Loan,Business Owner,31,1503173,2249318,15,683,0,9.95,24103,2323964,96.79,21,Low,75,No,No,Overdue
CUST10367,Chennai,South,Home Loan,Salaried,33,1902750,3144510,15,673,30,7.94,29942,582787,200.0,24,Low,75,No,No,Closed
CUST10368,Delhi,North,Home Loan,Salaried,28,1902199,1212180,2,684,120,14.94,58740,23382,200.0,37,Medium,75,Yes,No,Active
CUST10369,Mumbai,West,Business Loan,Salaried,60,880033,470888,1,699,120,14.24,42333,4911887,9.59,35,Medium,75,Yes,No,Closed
CUST10370,Pune,West,Business Loan,Self Employed,24,1093438,1413133,20,698,0,10.99,14577,3803454,37.15,13,Low,75,No,No,Closed
CUST10371,Bengaluru,South,Personal Loan,Business Owner,51,314445,240285,20,633,0,17.91,3692,5401419,4.45,26,Low,100,No,No,Overdue
CUST10372,Ahmedabad,West,Home Loan,Salaried,48,583551,3246699,15,726,10,6.77,28766,2549684,127.34,31,Medium,75,No,No,Overdue
CUST10373,Delhi,North,Auto Loan,Salaried,31,2025700,2567649,20,708,0,10.14,25017,5617492,45.71,11,Low,75,No,No,Closed
CUST10374,Ahmedabad,West,Personal Loan,Business Owner,63,1393705,2261130,3,735,0,17.55,81236,4940560,45.77,9,Low,75,No,No,Active
CUST10375,Kolkata,East,Home Loan,Self Employed,21,2430989,1257739,2,580,0,10.35,58242,3783847,33.24,28,Low,100,No,No,Closed
CUST10376,Bengaluru,South,Home Loan,Salaried,58,894647,2251016,15,711,15,9.53,23546,2158988,104.26,19,Low,75,No,No,Active
CUST10377,Bengaluru,South,Auto Loan,Self Employed,44,1087179,3178411,20,561,90,12.91,37034,1342643,200.0,69,High,100,Yes,Yes,Default
CUST10378,Kolkata,East,Auto Loan,Salaried,51,1051535,4638599,1,688,120,16.39,421721,1303609,200.0,52,Medium,75,Yes,No,Active
CUST10379,Delhi,North,Home Loan,Salaried,61,1963611,2766826,30,746,0,7.74,19803,1930719,143.31,6,Low,75,No,No,Active
CUST10380,Kolkata,East,Home Loan,Self Employed,46,2454749,1538543,25,773,10,17.82,23125,6307748,24.39,5,Low,50,No,No,Active
CUST10381,Ahmedabad,West,Home Loan,Self Employed,25,1922166,2752303,5,723,90,16.04,66989,911345,200.0,29,Low,75,Yes,No,Closed
CUST10382,Chennai,South,Auto Loan,Business Owner,40,1215408,2487587,5,747,90,8.68,51253,3428811,72.55,32,Medium,75,Yes,No,Overdue
CUST10383,Bengaluru,South,Home Loan,Self Employed,61,1641312,3202963,3,679,0,15.04,111095,1292348,200.0,18,Low,75,No,No,Active
CUST10384,Hyderabad,South,Home Loan,Self Employed,31,1039625,1161288,10,664,60,11.12,16076,1067376,108.8,30,Low,75,No,No,Closed
CUST10385,Hyderabad,South,Education Loan,Salaried,53,676440,3348273,1,850,0,11.33,296442,2153592,155.47,20,Low,50,No,No,Closed
CUST10386,Ahmedabad,West,Home Loan,Salaried,58,1651926,1821503,10,758,60,15.9,30399,2513614,72.47,17,Low,50,No,No,Closed
CUST10387,Mumbai,West,Auto Loan,Salaried,47,1632137,4370153,2,618,0,18.05,218282,4846113,90.18,31,Medium,100,No,No,Active
CUST10388,Pune,West,Home Loan,Salaried,54,2449409,4499797,25,579,10,8.02,34790,2543173,176.94,40,Medium,100,No,No,Overdue
CUST10389,Kolkata,East,Home Loan,Self Employed,35,1999400,654111,2,667,60,11.55,30654,3144720,20.8,26,Low,75,No,No,Active
CUST10390,Kolkata,East,Home Loan,Business Owner,52,1452597,1202791,15,783,15,12.27,14645,3791343,31.72,6,Low,50,No,No,Closed
CUST10391,Mumbai,West,Auto Loan,Salaried,41,1883820,3961087,1,703,90,11.02,350124,1622512,200.0,34,Medium,75,Yes,No,Active
CUST10392,Mumbai,West,Business Loan,Salaried,25,1823608,2493869,15,544,0,10.86,28126,450067,200.0,36,Medium,150,No,No,Active
CUST10393,Ahmedabad,West,Education Loan,Business Owner,26,475599,797948,7,688,90,7.13,12094,6192072,12.89,40,Medium,75,Yes,No,Overdue
CUST10394,Ahmedabad,West,Personal Loan,Salaried,58,1737009,2609244,20,700,0,14.73,33839,355642,200.0,14,Low,75,No,No,Active
CUST10395,Mumbai,West,Auto Loan,Self Employed,42,1125522,881635,5,531,120,11.73,19491,5010500,17.6,61,High,150,Yes,No,Active
CUST10396,Bengaluru,South,Home Loan,Self Employed,38,777904,1517217,30,702,120,8.84,12034,6061782,25.03,40,Medium,75,Yes,No,Closed
CUST10397,Ahmedabad,West,Personal Loan,Self Employed,34,296841,2794686,15,629,0,16.29,41612,3926176,71.18,38,Medium,100,No,No,Active
CUST10398,Chennai,South,Business Loan,Salaried,30,1893422,3280545,10,572,0,16.13,55220,6461029,50.77,34,Medium,100,No,No,Active
CUST10399,Ahmedabad,West,Home Loan,Salaried,33,349934,281414,7,812,0,12.34,5019,5377168,5.23,3,Low,50,No,No,Active
CUST10400,Kolkata,East,Home Loan,Self Employed,51,1811734,4501116,5,626,0,10.08,95813,5336658,84.34,29,Low,100,No,No,Active
CUST10401,Ahmedabad,West,Home Loan,Self Employed,50,1315270,2113729,15,653,0,14.16,28377,6421472,32.92,21,Low,75,No,No,Active
CUST10402,Bengaluru,South,Home Loan,Salaried,23,417068,2452110,7,652,90,9.96,40657,1697152,144.48,53,Medium,75,Yes,No,Active
CUST10403,Mumbai,West,Home Loan,Self Employed,50,1010288,1693083,7,700,60,9.33,27525,6459660,26.21,32,Medium,75,No,No,Overdue
CUST10404,Kolkata,East,Auto Loan,Salaried,26,2378559,2065726,1,824,0,15.27,186712,1159149,178.21,3,Low,50,No,No,Active
CUST10405,Ahmedabad,West,Personal Loan,Self Employed,49,1784243,3452862,2,616,5,6.98,154562,120730,200.0,29,Low,100,No,No,Active
CUST10406,Bengaluru,South,Business Loan,Salaried,28,1031161,1460808,7,679,0,7.64,22507,4081093,35.79,16,Low,75,No,No,Active
CUST10407,Chennai,South,Education Loan,Business Owner,64,1465076,4231430,3,708,0,6.58,129843,1112762,200.0,18,Low,75,No,No,Active
CUST10408,Ahmedabad,West,Personal Loan,Salaried,65,758641,71650,2,639,5,8.34,3252,6796805,1.05,18,Low,100,No,No,Closed
CUST10409,Bengaluru,South,Home Loan,Salaried,63,885356,1454962,5,677,0,7.33,29037,1839968,79.08,18,Low,75,No,No,Closed
CUST10410,Chennai,South,Personal Loan,Salaried,64,2029039,3073846,5,742,0,18.45,78810,4213085,72.96,7,Low,75,No,No,Active
CUST10411,Mumbai,West,Auto Loan,Salaried,53,1818846,1923204,5,647,90,9.97,40834,6548962,29.37,38,Medium,100,Yes,No,Active
CUST10412,Ahmedabad,West,Home Loan,Business Owner,37,216683,2963293,5,676,0,8.29,60497,3176854,93.28,31,Medium,75,No,No,Active
CUST10413,Chennai,South,Auto Loan,Business Owner,31,2394949,2389189,3,670,5,9.39,76410,1286793,185.67,17,Low,75,No,No,Closed
CUST10414,Kolkata,East,Personal Loan,Salaried,33,1639410,256251,15,693,0,17.73,4077,4610098,5.56,9,Low,75,No,No,Active
CUST10415,Mumbai,West,Personal Loan,Salaried,31,504934,3894328,25,717,0,12.74,43161,1941042,200.0,25,Low,75,No,No,Active
CUST10416,Kolkata,East,Personal Loan,Self Employed,51,1982466,4120101,7,741,10,10.88,70286,6571483,62.7,12,Low,75,No,No,Active
CUST10417,Hyderabad,South,Personal Loan,Business Owner,48,977583,4563207,5,836,120,16.98,113358,2651222,172.12,44,Medium,50,Yes,No,Closed
CUST10418,Delhi,North,Business Loan,Self Employed,64,644310,1466693,2,514,0,11.24,68523,1367107,107.28,50,Medium,150,No,No,Overdue
CUST10419,Ahmedabad,West,Education Loan,Salaried,26,1418822,944801,2,688,30,10.52,43825,3818067,24.75,23,Low,75,No,No,Overdue
CUST10420,Chennai,South,Home Loan,Salaried,61,737242,1774854,7,604,5,8.99,28547,261161,200.0,33,Medium,100,No,No,Active
CUST10421,Delhi,North,Business Loan,Self Employed,36,948223,432811,15,673,15,11.03,4927,6357722,6.81,17,Low,75,No,No,Active
CUST10422,Delhi,North,Personal Loan,Salaried,24,289373,4745995,30,762,60,10.3,42705,4718648,100.58,32,Medium,50,No,No,Active
CUST10423,Chennai,South,Business Loan,Self Employed,55,738988,1058314,30,784,15,14.63,13069,5691127,18.6,9,Low,50,No,No,Closed
CUST10424,Mumbai,West,Education Loan,Salaried,46,1190540,4458608,25,787,0,9.97,40421,5375653,82.94,25,Low,50,Yes,Yes,Default
CUST10425,Ahmedabad,West,Personal Loan,Self Employed,32,1352304,2543330,15,786,0,13.43,32902,3857469,65.93,8,Low,50,No,No,Active
CUST10426,Hyderabad,South,Home Loan,Salaried,31,2213648,1767787,7,688,60,7.29,26932,3851526,45.9,25,Low,75,No,No,Active
CUST10427,Kolkata,East,Home Loan,Self Employed,57,1823909,4446208,30,798,60,8.8,35137,335983,200.0,22,Low,50,No,No,Active
CUST10428,Bengaluru,South,Personal Loan,Salaried,45,1659634,761716,30,812,90,11.39,7479,2077382,36.67,21,Low,50,Yes,No,Active
CUST10429,Kolkata,East,Auto Loan,Self Employed,38,1094424,2817257,30,710,15,17.74,41861,2466993,114.2,19,Low,75,No,No,Active
CUST10430,Bengaluru,South,Home Loan,Salaried,39,1046491,2885623,10,782,0,11.03,39798,1115059,200.0,11,Low,50,No,No,Active
CUST10431,Kolkata,East,Home Loan,Self Employed,43,1754745,1749660,3,703,90,14.47,60199,5263385,33.24,30,Low,75,Yes,No,Active
CUST10432,Chennai,South,Education Loan,Self Employed,58,2179117,395430,7,799,0,9.56,6475,399769,98.91,1,Low,50,No,No,Active
CUST10433,Hyderabad,South,Business Loan,Self Employed,38,1099134,878411,20,689,15,8.02,7358,2654965,33.09,15,Low,75,No,No,Closed
CUST10434,Ahmedabad,West,Personal Loan,Self Employed,46,2035797,1907845,1,657,120,7.2,165256,5338888,35.73,43,Medium,75,Yes,No,Active
CUST10435,Bengaluru,South,Home Loan,Self Employed,26,1616803,2555365,1,622,120,10.16,224847,1092924,200.0,51,Medium,100,Yes,No,Active
CUST10436,Ahmedabad,West,Home Loan,Business Owner,24,2365211,1989983,15,688,90,8.39,19468,4920851,40.44,31,Medium,75,Yes,No,Active
CUST10437,Ahmedabad,West,Home Loan,Salaried,64,622136,897405,7,706,0,8.59,14252,4463721,20.1,17,Low,75,No,No,Overdue
CUST10438,Ahmedabad,West,Business Loan,Business Owner,49,1862252,2341947,7,634,10,15.63,46024,3472108,67.45,25,Low,100,No,No,Closed
CUST10439,Pune,West,Home Loan,Salaried,54,2475455,283462,1,682,10,6.69,24487,4925233,5.76,13,Low,75,No,No,Active
CUST10440,Mumbai,West,Personal Loan,Salaried,37,691162,3036068,25,663,120,13.19,34677,134607,200.0,56,Medium,75,Yes,No,Active
CUST10441,Kolkata,East,Home Loan,Salaried,63,1087383,2018921,1,625,30,11.05,178483,4081909,49.46,32,Medium,100,No,No,Active
CUST10442,Ahmedabad,West,Personal Loan,Salaried,63,1310548,3451447,7,773,5,12.58,62003,1786960,193.15,12,Low,50,No,No,Closed
CUST10443,Kolkata,East,Auto Loan,Self Employed,36,1566205,2700196,30,785,5,13.25,30398,5350037,50.47,8,Low,50,No,No,Closed
CUST10444,Ahmedabad,West,Education Loan,Self Employed,22,2459042,3838264,25,772,30,10.26,35584,5768076,66.54,17,Low,50,No,No,Overdue
CUST10445,Bengaluru,South,Home Loan,Self Employed,54,1127436,3750357,5,694,90,10.04,79758,5495179,68.25,40,Medium,75,Yes,No,Active
CUST10446,Mumbai,West,Home Loan,Salaried,28,1497621,460226,20,698,5,15.3,6162,3346953,13.75,20,Low,75,Yes,Yes,Default
CUST10447,Mumbai,West,Home Loan,Salaried,33,2394625,1814694,10,626,5,16.96,31493,1156928,156.85,33,Medium,100,Yes,Yes,Default
CUST10448,Chennai,South,Business Loan,Salaried,62,1620351,1857254,3,729,15,8.81,58896,3241695,57.29,16,Low,75,No,No,Overdue
CUST10449,Pune,West,Business Loan,Salaried,28,1751836,4901039,5,712,15,7.67,98603,6642589,73.78,20,Low,75,No,No,Active
CUST10450,Chennai,South,Auto Loan,Salaried,50,2078917,1722349,2,850,30,17.27,85380,212628,200.0,10,Low,50,No,No,Active
CUST10451,Chennai,South,Auto Loan,Salaried,52,1038823,181562,1,776,0,10.7,16021,6275861,2.89,1,Low,50,No,No,Active
CUST10452,Chennai,South,Auto Loan,Salaried,56,919574,1102305,20,722,0,13.12,13009,4306193,25.6,9,Low,75,No,No,Active
CUST10453,Chennai,South,Home Loan,Self Employed,50,505437,4502664,1,697,90,10.81,397554,4175553,107.83,47,Medium,75,Yes,No,Active
CUST10454,Chennai,South,Business Loan,Self Employed,21,1996760,3217126,1,770,15,8.01,279868,4456367,72.19,10,Low,50,No,No,Closed
CUST10455,Hyderabad,South,Personal Loan,Business Owner,63,2271013,2443946,5,636,15,13.57,56323,4505771,54.24,25,Low,100,No,No,Active
CUST10456,Mumbai,West,Personal Loan,Business Owner,59,2434029,4872481,30,780,10,12.8,53139,3106754,156.84,15,Low,50,No,No,Overdue
CUST10457,Chennai,South,Personal Loan,Self Employed,37,1977001,3461031,30,624,0,8.94,27699,6643509,52.1,26,Low,100,No,No,Active
CUST10458,Ahmedabad,West,Home Loan,Salaried,40,1052834,410306,10,661,10,11.92,5868,3191833,12.85,17,Low,75,No,No,Active
CUST10459,Mumbai,West,Home Loan,Self Employed,44,2029087,2774274,25,571,0,16.06,37830,4327261,64.11,32,Medium,100,No,No,Closed
CUST10460,Mumbai,West,Auto Loan,Self Employed,42,623066,1644502,1,743,0,13.59,147338,3072475,53.52,12,Low,75,No,No,Active
CUST10461,Delhi,North,Home Loan,Salaried,49,799696,3983233,15,717,5,7.66,37288,6292505,63.3,26,Low,75,No,No,Active
CUST10462,Hyderabad,South,Auto Loan,Salaried,42,1873470,1538303,30,661,10,13.08,17113,4771873,32.24,29,Low,75,Yes,Yes,Default
CUST10463,Chennai,South,Home Loan,Business Owner,64,300062,568490,7,635,120,14.93,10948,3212425,17.7,50,Medium,100,Yes,No,Closed
CUST10464,Kolkata,East,Personal Loan,Salaried,29,1547741,2123946,20,797,90,16.01,29565,4653871,45.64,24,Low,50,Yes,No,Active
CUST10465,Bengaluru,South,Personal Loan,Self Employed,57,1212499,2610244,15,691,5,14.05,34849,1085110,200.0,24,Low,75,No,No,Overdue
CUST10466,Pune,West,Personal Loan,Self Employed,30,2044445,4279228,5,646,0,8.33,87445,1141610,200.0,24,Low,100,No,No,Closed
CUST10467,Ahmedabad,West,Auto Loan,Salaried,56,387609,1311368,5,835,120,15.02,31211,2384333,55.0,39,Medium,50,Yes,No,Closed
CUST10468,Kolkata,East,Personal Loan,Salaried,57,2192755,1953124,10,654,0,14.63,31070,4623527,42.24,23,Low,75,No,No,Overdue
CUST10469,Hyderabad,South,Personal Loan,Salaried,48,463006,2842537,10,780,120,6.79,32697,5715574,49.73,45,Medium,50,Yes,No,Active
CUST10470,Bengaluru,South,Personal Loan,Salaried,48,2030924,3197887,25,619,15,11.44,32365,6843022,46.73,29,Low,100,No,No,Closed
CUST10471,Hyderabad,South,Auto Loan,Salaried,62,1794099,4714496,7,675,30,10.5,79490,5906512,79.82,28,Low,75,No,No,Active
CUST10472,Ahmedabad,West,Business Loan,Business Owner,63,1321452,1637542,20,735,120,14.53,20997,1559284,105.02,32,Medium,75,Yes,No,Active
CUST10473,Mumbai,West,Auto Loan,Salaried,41,1536256,3912163,7,696,60,9.09,63122,974687,200.0,36,Medium,75,No,No,Overdue
CUST10474,Bengaluru,South,Home Loan,Salaried,44,1410796,4906436,2,717,0,13.59,234623,824726,200.0,19,Low,75,No,No,Active
CUST10475,Mumbai,West,Home Loan,Salaried,62,293936,1690027,10,662,5,17.46,29867,5840445,28.94,34,Medium,75,No,No,Closed
CUST10476,Ahmedabad,West,Home Loan,Business Owner,60,196279,2876267,25,588,10,16.07,39243,3077165,93.47,51,Medium,100,No,No,Overdue
CUST10477,Kolkata,East,Auto Loan,Salaried,22,1299962,204536,3,803,0,17.56,7349,4694,200.0,11,Low,50,Yes,Yes,Default
CUST10478,Ahmedabad,West,Home Loan,Salaried,28,266124,4819729,1,667,0,18.24,442423,4159074,115.88,37,Medium,75,No,No,Overdue
CUST10479,Kolkata,East,Personal Loan,Business Owner,47,1596470,4667752,1,720,60,6.63,403090,2679590,174.2,29,Low,75,No,No,Active
CUST10480,Bengaluru,South,Auto Loan,Business Owner,42,2092493,2995081,3,749,15,13.97,102321,3737486,80.14,9,Low,75,No,No,Active
CUST10481,Bengaluru,South,Personal Loan,Salaried,57,2369063,2648385,30,722,10,11.45,26126,4740148,55.87,11,Low,75,No,No,Active
CUST10482,Chennai,South,Education Loan,Business Owner,47,1173978,674773,7,650,90,16.82,13719,5438423,12.41,36,Medium,75,Yes,No,Active
CUST10483,Hyderabad,South,Home Loan,Salaried,49,627244,2067528,3,781,0,9.52,66248,6210239,33.29,13,Low,50,No,No,Active
CUST10484,Chennai,South,Home Loan,Salaried,23,1449670,1728332,25,736,120,18.27,26600,6864830,25.18,32,Medium,75,Yes,No,Active
CUST10485,Hyderabad,South,Auto Loan,Salaried,64,2237712,1052021,20,714,60,13.86,12975,674267,156.02,20,Low,75,No,No,Closed
CUST10486,Chennai,South,Personal Loan,Salaried,33,417723,2235132,3,712,120,16.02,78603,2869839,77.88,61,High,75,Yes,Yes,Default
CUST10487,Mumbai,West,Auto Loan,Self Employed,65,1639900,1468314,25,818,90,7.53,10879,2037775,72.05,22,Low,50,Yes,No,Closed
CUST10488,Bengaluru,South,Personal Loan,Salaried,30,1018927,3672541,10,649,0,8.7,45928,1228135,200.0,30,Low,100,No,No,Closed
CUST10489,Kolkata,East,Home Loan,Salaried,56,262806,342007,15,729,30,15.6,4928,6189542,5.53,15,Low,75,No,No,Active
CUST10490,Hyderabad,South,Education Loan,Self Employed,29,1458673,2545990,5,663,60,6.76,50126,1986373,128.17,33,Medium,75,No,No,Active
CUST10491,Ahmedabad,West,Education Loan,Self Employed,47,1154334,4114610,5,564,0,16.3,100716,6206145,66.3,42,Medium,100,No,No,Active
CUST10492,Hyderabad,South,Auto Loan,Salaried,54,1172144,1574960,2,563,5,6.67,70280,3126773,50.37,34,Medium,100,No,No,Closed
CUST10493,Kolkata,East,Home Loan,Self Employed,21,2474630,2978785,7,629,0,14.39,56466,4818060,61.83,23,Low,100,No,No,Active
CUST10494,Chennai,South,Auto Loan,Salaried,52,1918460,1419971,20,654,30,10.88,14541,2916971,48.68,24,Low,75,No,No,Closed
CUST10495,Hyderabad,South,Personal Loan,Self Employed,45,669709,4841164,15,850,90,13.84,63952,5152558,93.96,39,Medium,50,Yes,No,Active
CUST10496,Pune,West,Home Loan,Self Employed,49,1917821,1662119,15,749,0,14.85,23092,5835770,28.48,4,Low,75,No,No,Active
CUST10497,Mumbai,West,Business Loan,Business Owner,27,617585,437773,10,755,15,10.61,5934,4084488,10.72,6,Low,50,No,No,Active
CUST10498,Bengaluru,South,Home Loan,Salaried,23,997108,4266803,3,655,60,7.8,133313,1024446,200.0,44,Medium,75,No,No,Active
CUST10499,Kolkata,East,Business Loan,Salaried,40,1030525,676840,7,704,15,7.34,10328,2613456,25.9,13,Low,75,No,No,Active
CUST10500,Bengaluru,South,Personal Loan,Salaried,40,1669556,4689148,1,850,0,13.57,420077,3672476,127.68,11,Low,50,No,No,Closed
CUST10501,Pune,West,Home Loan,Salaried,50,2459023,1684224,15,615,30,12.75,21033,4266660,39.47,29,Low,100,No,No,Closed
CUST10502,Hyderabad,South,Personal Loan,Salaried,55,678512,1496395,25,732,0,15.41,19644,6084010,24.6,12,Low,75,No,No,Active
CUST10503,Hyderabad,South,Business Loan,Business Owner,55,947442,2633677,1,813,0,12.62,234764,6551381,40.2,16,Low,50,No,No,Overdue
CUST10504,Ahmedabad,West,Auto Loan,Salaried,59,655278,4109626,2,768,0,11.57,192630,3686207,111.49,20,Low,50,No,No,Active
CUST10505,Pune,West,Education Loan,Salaried,47,2110440,921905,3,826,0,11.28,30304,608919,151.4,12,Low,50,Yes,Yes,Default
CUST10506,Kolkata,East,Auto Loan,Self Employed,46,559593,193704,3,715,0,6.82,5965,2342854,8.27,7,Low,75,No,No,Active
CUST10507,Ahmedabad,West,Auto Loan,Salaried,34,674955,115756,20,742,30,10.53,1158,4226479,2.74,8,Low,75,No,No,Closed
CUST10508,Mumbai,West,Education Loan,Self Employed,37,1464574,1417064,15,708,10,18.21,23035,6727830,21.06,12,Low,75,No,No,Active
CUST10509,Ahmedabad,West,Home Loan,Salaried,38,1700180,3596293,10,737,0,16.98,62457,833230,200.0,10,Low,75,No,No,Active
CUST10510,Delhi,North,Personal Loan,Salaried,65,2062582,4053314,30,636,0,10.45,36926,5924216,68.42,25,Low,100,No,No,Active
CUST10511,Kolkata,East,Home Loan,Salaried,49,1665183,4764386,30,755,120,13.55,54759,1767052,200.0,36,Medium,50,Yes,No,Active
CUST10512,Delhi,North,Business Loan,Salaried,40,826045,2446640,5,721,15,16.67,60372,340822,200.0,19,Low,75,No,No,Active
CUST10513,Pune,West,Business Loan,Business Owner,47,1806528,3328262,25,704,0,11.8,34563,4704863,70.74,14,Low,75,No,No,Active
CUST10514,Chennai,South,Home Loan,Salaried,38,2082392,1975464,1,822,90,6.72,170676,3070321,64.34,33,Medium,50,Yes,Yes,Default
CUST10515,Delhi,North,Auto Loan,Salaried,24,1525205,1966796,2,681,0,7.39,88407,4440768,44.29,21,Low,75,No,No,Overdue
CUST10516,Mumbai,West,Business Loan,Salaried,21,1488014,1336188,5,785,0,12.62,30143,5276473,25.32,4,Low,50,No,No,Closed
CUST10517,Ahmedabad,West,Home Loan,Salaried,21,2427680,483797,3,792,30,18.13,17522,5153772,9.39,7,Low,50,No,No,Closed
CUST10518,Chennai,South,Personal Loan,Business Owner,46,648011,3135945,1,760,15,14.82,282779,6499716,48.25,32,Medium,50,Yes,Yes,Default
CUST10519,Ahmedabad,West,Business Loan,Salaried,65,926760,4218773,7,632,15,7.35,64397,115064,200.0,39,Medium,100,No,No,Active
CUST10520,Delhi,North,Home Loan,Self Employed,40,478783,850607,15,725,10,8.77,8511,2589644,32.85,13,Low,75,No,No,Active
CUST10521,Ahmedabad,West,Auto Loan,Business Owner,43,1317613,1834094,2,837,5,15.76,89593,2150517,85.29,12,Low,50,No,No,Overdue
CUST10522,Pune,West,Personal Loan,Self Employed,30,2295226,2194797,7,573,5,16.6,44347,6007812,36.53,31,Medium,100,No,No,Closed
CUST10523,Chennai,South,Business Loan,Business Owner,31,1520683,289608,10,687,0,13.91,4481,5463391,5.3,10,Low,75,No,No,Active
CUST10524,Pune,West,Business Loan,Salaried,61,1980298,4791875,15,781,120,14.23,64558,1540850,200.0,35,Medium,50,Yes,No,Active
CUST10525,Delhi,North,Business Loan,Salaried,61,2293213,3712097,1,692,60,6.84,320922,3567124,104.06,28,Low,75,No,No,Active
CUST10526,Pune,West,Personal Loan,Salaried,25,633222,399115,15,757,30,16.44,5985,5722751,6.97,14,Low,50,No,No,Overdue
CUST10527,Mumbai,West,Business Loan,Self Employed,21,2268618,4074919,5,799,90,15.96,99008,6498427,62.71,26,Low,50,Yes,No,Active
CUST10528,Delhi,North,Education Loan,Business Owner,37,817790,4347084,20,716,0,9.61,40833,3058321,142.14,35,Medium,75,Yes,Yes,Default
CUST10529,Delhi,North,Personal Loan,Salaried,42,1513520,867166,5,736,30,15.0,20630,2200852,39.4,16,Low,75,No,No,Overdue
CUST10530,Delhi,North,Education Loan,Self Employed,54,386548,3196243,10,706,120,9.08,40627,6650677,48.06,52,Medium,75,Yes,No,Closed
CUST10531,Kolkata,East,Home Loan,Salaried,65,1691252,4092942,25,721,5,6.98,28876,4262551,96.02,15,Low,75,No,No,Active
CUST10532,Ahmedabad,West,Auto Loan,Self Employed,61,630983,903159,7,847,30,8.91,14490,3328359,27.14,12,Low,50,No,No,Active
CUST10533,Kolkata,East,Home Loan,Salaried,49,2043062,3948888,5,696,0,8.64,81284,6447726,61.24,16,Low,75,No,No,Active
CUST10534,Kolkata,East,Home Loan,Business Owner,24,1909004,945596,20,675,10,10.55,9472,2938324,32.18,15,Low,75,No,No,Active
CUST10535,Mumbai,West,Home Loan,Self Employed,25,2105618,2481129,25,773,0,11.52,25256,4347864,57.07,5,Low,50,No,No,Closed
CUST10536,Chennai,South,Auto Loan,Salaried,31,1561173,4827347,5,641,10,12.6,108851,3103800,155.53,31,Medium,100,No,No,Active
CUST10537,Ahmedabad,West,Personal Loan,Salaried,41,397314,1650720,3,657,5,12.22,55001,1338618,123.32,32,Medium,75,No,No,Active
CUST10538,Pune,West,Auto Loan,Salaried,55,1714090,2655327,20,657,0,9.75,25186,4375446,60.69,20,Low,75,No,No,Active
CUST10539,Hyderabad,South,Home Loan,Salaried,32,2431607,3269598,7,682,5,6.85,49108,586901,200.0,27,Low,75,Yes,Yes,Default
CUST10540,Delhi,North,Personal Loan,Salaried,46,928692,3332808,2,685,0,13.76,159640,5339587,62.42,24,Low,75,No,No,Active
CUST10541,Pune,West,Personal Loan,Business Owner,39,2256775,2019412,30,749,0,11.25,19614,373921,200.0,9,Low,75,No,No,Overdue
CUST10542,Delhi,North,Education Loan,Self Employed,65,1794694,640611,25,676,120,10.08,5857,1003639,63.83,38,Medium,75,Yes,No,Active
CUST10543,Mumbai,West,Personal Loan,Salaried,27,761904,4676510,3,752,60,16.9,166498,5194309,90.03,32,Medium,50,No,No,Active
CUST10544,Delhi,North,Auto Loan,Salaried,27,451365,3992033,2,760,10,15.46,194434,4241307,94.12,22,Low,50,No,No,Active
CUST10545,Kolkata,East,Business Loan,Business Owner,46,896773,4982206,1,654,5,16.79,453904,407650,200.0,35,Medium,75,No,No,Active
CUST10546,Ahmedabad,West,Auto Loan,Self Employed,60,2125537,478556,20,759,120,12.44,5417,5672745,8.44,26,Low,50,Yes,No,Closed
CUST10547,Hyderabad,South,Home Loan,Salaried,25,2221381,3725049,3,765,10,8.07,116850,3729046,99.89,9,Low,50,No,No,Active
CUST10548,Bengaluru,South,Home Loan,Self Employed,41,258116,530350,15,577,5,14.85,7368,2805573,18.9,35,Medium,100,No,No,Active
CUST10549,Delhi,North,Business Loan,Salaried,34,564370,546232,1,721,0,8.97,47761,5638095,9.69,8,Low,75,No,No,Closed
CUST10550,Pune,West,Home Loan,Salaried,24,2202643,3684183,1,665,10,11.79,326973,1194497,200.0,22,Low,75,No,No,Closed
CUST10551,Kolkata,East,Business Loan,Salaried,43,699385,1737023,25,791,5,7.28,12589,3615383,48.05,11,Low,50,No,No,Closed
CUST10552,Bengaluru,South,Personal Loan,Salaried,62,1752138,2678973,20,664,0,16.4,38078,770448,200.0,19,Low,75,No,No,Active
CUST10553,Hyderabad,South,Business Loan,Salaried,40,2197337,2096719,3,606,0,8.01,65713,3651948,57.41,25,Low,100,No,No,Active
CUST10554,Bengaluru,South,Education Loan,Business Owner,35,2408531,3921240,10,698,120,17.34,68997,2936384,133.54,49,Medium,75,Yes,Yes,Default
CUST10555,Kolkata,East,Business Loan,Business Owner,65,1809753,3962669,3,637,120,16.87,141024,4986181,79.47,56,Medium,100,Yes,No,Overdue
CUST10556,Ahmedabad,West,Personal Loan,Self Employed,49,1166399,1476548,5,759,60,12.07,32897,3819128,38.66,28,Low,50,Yes,Yes,Default
CUST10557,Ahmedabad,West,Education Loan,Salaried,28,406256,4041818,1,643,30,15.43,365628,2605676,155.12,42,Medium,100,No,No,Active
CUST10558,Chennai,South,Personal Loan,Salaried,61,1002376,3829044,7,699,0,13.93,71608,5274033,72.6,23,Low,75,No,No,Closed
CUST10559,Ahmedabad,West,Personal Loan,Self Employed,39,1065987,2074611,1,808,0,16.14,188369,1840220,112.74,8,Low,50,No,No,Active
CUST10560,Chennai,South,Auto Loan,Salaried,59,600539,300231,1,777,0,11.68,26630,134411,200.0,2,Low,50,No,No,Active
CUST10561,Bengaluru,South,Business Loan,Salaried,48,2479986,1111516,30,733,10,15.93,14884,4151910,26.77,11,Low,75,No,No,Overdue
CUST10562,Mumbai,West,Business Loan,Salaried,47,1709017,4624475,15,691,120,12.05,55650,2677678,172.7,45,Medium,75,Yes,No,Closed
CUST10563,Pune,West,Education Loan,Business Owner,24,730242,4785524,10,727,0,17.79,85582,412610,200.0,23,Low,75,No,No,Active
CUST10564,Pune,West,Personal Loan,Salaried,35,1963802,3422105,2,748,0,12.34,161634,3461743,98.85,7,Low,75,No,No,Active
CUST10565,Bengaluru,South,Personal Loan,Salaried,55,1495712,1028935,2,631,0,12.05,48460,3616666,28.45,26,Low,100,No,No,Overdue
CUST10566,Delhi,North,Auto Loan,Self Employed,57,706249,1080451,15,760,10,15.92,15808,4491055,24.06,8,Low,50,No,No,Active
CUST10567,Delhi,North,Home Loan,Salaried,21,2263631,2180118,1,623,0,16.36,198176,52055,200.0,23,Low,100,No,No,Active
CUST10568,Ahmedabad,West,Home Loan,Salaried,23,2201835,470993,2,740,90,13.15,22425,5347389,8.81,21,Low,75,Yes,No,Active
CUST10569,Pune,West,Personal Loan,Salaried,44,979687,3451461,20,623,0,8.66,30303,6943122,49.71,33,Medium,100,No,No,Active
CUST10570,Pune,West,Personal Loan,Salaried,47,2412791,2310791,10,837,5,12.11,33300,5651386,40.89,10,Low,50,No,No,Overdue
CUST10571,Chennai,South,Personal Loan,Self Employed,60,2063855,296331,2,753,120,18.12,14811,1136263,26.08,26,Low,50,Yes,No,Active
CUST10572,Mumbai,West,Home Loan,Salaried,56,1248965,3081830,15,591,120,15.54,44278,3542635,86.99,59,Medium,100,Yes,No,Active
CUST10573,Kolkata,East,Home Loan,Salaried,54,1404171,4434575,5,700,5,16.23,108383,2497838,177.54,26,Low,75,No,No,Overdue
CUST10574,Delhi,North,Home Loan,Business Owner,49,917463,4651318,2,664,0,6.89,208020,1969921,200.0,33,Medium,75,No,No,Active
CUST10575,Pune,West,Business Loan,Business Owner,44,2268523,4130790,10,655,0,12.11,59528,5345532,77.28,22,Low,75,No,No,Active
CUST10576,Chennai,South,Personal Loan,Business Owner,44,2280510,2846749,25,710,0,14.26,34836,4519645,62.99,11,Low,75,No,No,Closed
CUST10577,Hyderabad,South,Personal Loan,Salaried,62,530679,3916585,25,635,15,16.46,54640,1628637,200.0,40,Medium,100,No,No,Active
CUST10578,Chennai,South,Auto Loan,Salaried,24,1481133,2802690,20,753,0,7.09,21881,5129584,54.64,8,Low,50,No,No,Active
CUST10579,Delhi,North,Home Loan,Business Owner,23,2484748,1053510,3,749,30,16.73,37419,5762726,18.28,8,Low,75,No,No,Closed
CUST10580,Delhi,North,Business Loan,Self Employed,54,2007352,4261422,3,725,10,13.08,143748,2299820,185.29,19,Low,75,No,No,Overdue
CUST10581,Chennai,South,Education Loan,Salaried,43,810270,1121192,2,699,90,8.87,51155,1600448,70.05,32,Medium,75,Yes,No,Closed
CUST10582,Kolkata,East,Home Loan,Salaried,43,797367,3465473,7,746,30,10.31,58088,1817765,190.64,34,Medium,75,Yes,Yes,Default
CUST10583,Bengaluru,South,Personal Loan,Salaried,65,1284381,1910371,5,755,5,9.88,40477,3543244,53.92,7,Low,50,No,No,Closed
CUST10584,Delhi,North,Business Loan,Business Owner,25,2439573,4247099,15,732,10,12.87,53373,1838346,200.0,12,Low,75,No,No,Closed
CUST10585,Chennai,South,Business Loan,Salaried,51,2196328,3560764,5,608,10,7.12,70709,4330863,82.22,35,Medium,100,No,No,Overdue
CUST10586,Pune,West,Personal Loan,Salaried,61,1041465,1621480,25,645,10,8.4,12948,6327738,25.62,24,Low,100,No,No,Active
CUST10587,Chennai,South,Auto Loan,Salaried,26,418483,3460956,2,681,120,16.25,169873,3523319,98.23,55,Medium,75,Yes,No,Active
CUST10588,Mumbai,West,Home Loan,Self Employed,57,2046962,1980873,10,597,90,8.09,24128,6911542,28.66,46,Medium,100,Yes,No,Closed
CUST10589,Bengaluru,South,Business Loan,Business Owner,30,450146,3665590,15,716,120,9.3,37836,5898131,62.15,50,Medium,75,Yes,No,Active
CUST10590,Hyderabad,South,Home Loan,Salaried,60,1560503,2410901,5,799,0,11.94,53556,2042896,118.01,6,Low,50,No,No,Active
CUST10591,Kolkata,East,Business Loan,Self Employed,27,287524,3239858,10,788,15,12.71,47822,159876,200.0,23,Low,50,No,No,Active
CUST10592,Ahmedabad,West,Auto Loan,Business Owner,59,2495458,3002053,15,752,60,15.66,43382,665275,200.0,17,Low,50,No,No,Active
CUST10593,Hyderabad,South,Auto Loan,Salaried,58,1091289,3341987,5,751,90,11.87,74121,5516182,60.59,31,Medium,50,Yes,No,Active
CUST10594,Bengaluru,South,Personal Loan,Salaried,41,724026,4663311,20,850,30,15.98,64809,6496685,71.78,31,Medium,50,No,No,Overdue
CUST10595,Bengaluru,South,Home Loan,Salaried,40,293776,4467338,25,759,0,13.92,53503,4204851,106.24,25,Low,50,No,No,Overdue
CUST10596,Bengaluru,South,Home Loan,Self Employed,23,360494,4153099,1,765,0,7.86,361003,1399433,200.0,20,Low,50,No,No,Closed
CUST10597,Hyderabad,South,Home Loan,Self Employed,42,2229186,840671,15,599,5,8.38,8219,5223597,16.09,30,Low,100,No,No,Overdue
CUST10598,Pune,West,Home Loan,Self Employed,24,2470123,4557863,25,793,15,11.74,47131,3410331,133.65,11,Low,50,No,No,Active
CUST10599,Bengaluru,South,Education Loan,Self Employed,48,2059732,4313272,30,728,0,11.26,41926,6189152,69.69,12,Low,75,No,No,Active
CUST10600,Chennai,South,Personal Loan,Salaried,32,2047307,4738195,7,694,0,15.42,92552,4257450,111.29,18,Low,75,No,No,Active
CUST10601,Hyderabad,South,Home Loan,Business Owner,58,457785,634718,2,677,15,13.47,30316,3511449,18.08,20,Low,75,No,No,Active
CUST10602,Ahmedabad,West,Business Loan,Salaried,56,1570254,2244358,30,662,0,11.16,21645,2016950,111.27,19,Low,75,No,No,Active
CUST10603,Bengaluru,South,Business Loan,Salaried,61,448449,1858566,10,788,90,8.55,23093,2729201,68.1,35,Medium,50,Yes,No,Active
CUST10604,Chennai,South,Business Loan,Self Employed,25,1568977,2554973,15,698,0,9.22,26250,1414447,180.63,14,Low,75,No,No,Closed
CUST10605,Pune,West,Business Loan,Self Employed,33,416371,4102579,2,664,15,13.41,195835,3458332,118.63,36,Medium,75,No,No,Active
CUST10606,Mumbai,West,Home Loan,Salaried,43,826275,819565,2,646,0,11.58,38419,2180122,37.59,30,Low,100,Yes,Yes,Default
CUST10607,Pune,West,Personal Loan,Business Owner,50,1904502,3746944,30,712,30,12.68,40514,716177,200.0,20,Low,75,No,No,Active
CUST10608,Ahmedabad,West,Auto Loan,Business Owner,57,304591,3934175,30,675,0,8.55,30390,5412199,72.69,31,Medium,75,No,No,Active
CUST10609,Bengaluru,South,Auto Loan,Salaried,45,819104,2167191,1,659,15,14.45,195045,2636859,82.19,27,Low,75,No,No,Active
CUST10610,Ahmedabad,West,Home Loan,Business Owner,47,953720,1659425,5,603,30,16.73,41000,3115209,53.27,35,Medium,100,No,No,Closed
CUST10611,Hyderabad,South,Education Loan,Salaried,34,1123681,2353707,15,767,0,9.6,24720,4754169,49.51,8,Low,50,No,No,Active
CUST10612,Delhi,North,Home Loan,Salaried,56,446909,1589663,25,690,0,12.4,17214,1051497,151.18,23,Low,75,No,No,Active
CUST10613,Bengaluru,South,Home Loan,Salaried,59,1514649,1048899,3,624,10,18.21,38031,3019332,34.74,24,Low,100,No,No,Active
CUST10614,Delhi,North,Personal Loan,Business Owner,36,1388468,2148729,15,681,15,10.5,23752,479177,200.0,30,Low,75,Yes,Yes,Default
CUST10615,Chennai,South,Auto Loan,Self Employed,42,1340152,4352096,15,738,90,13.64,56910,1491476,200.0,34,Medium,75,Yes,No,Active
CUST10616,Mumbai,West,Auto Loan,Salaried,41,1163667,1870844,15,702,0,7.58,17428,6435991,29.07,19,Low,75,No,No,Overdue
CUST10617,Kolkata,East,Home Loan,Salaried,41,2290932,1001302,2,713,5,13.77,47967,521317,192.07,13,Low,75,No,No,Overdue
CUST10618,Ahmedabad,West,Business Loan,Self Employed,28,2180892,4255089,10,703,120,7.58,50687,3826562,111.2,40,Medium,75,Yes,No,Active
CUST10619,Pune,West,Home Loan,Salaried,36,1060096,1170803,2,611,60,18.01,58457,6941278,16.87,38,Medium,100,No,No,Closed
CUST10620,Mumbai,West,Home Loan,Business Owner,51,2381340,955112,10,766,120,15.09,15462,1508797,63.3,27,Low,50,Yes,No,Active
CUST10621,Bengaluru,South,Business Loan,Business Owner,62,770073,3785447,30,580,90,15.96,50783,3926888,96.4,64,High,100,Yes,No,Active
CUST10622,Delhi,North,Business Loan,Salaried,30,1772173,3914860,3,732,0,14.95,135614,2024676,193.36,12,Low,75,No,No,Closed
CUST10623,Pune,West,Business Loan,Business Owner,52,1807059,200653,2,743,0,13.58,9594,4267132,4.7,1,Low,75,No,No,Closed
CUST10624,Delhi,North,Education Loan,Salaried,54,2261742,4507910,10,685,5,11.9,64415,647937,200.0,19,Low,75,No,No,Active
CUST10625,Hyderabad,South,Auto Loan,Business Owner,29,1254477,2538144,2,725,0,16.8,125248,5202753,48.78,17,Low,75,No,No,Overdue
CUST10626,Delhi,North,Personal Loan,Self Employed,37,1907512,3533978,7,681,0,17.98,74235,5594086,63.17,18,Low,75,No,No,Closed
CUST10627,Hyderabad,South,Home Loan,Self Employed,31,1653300,3506537,2,726,0,12.49,165868,2152304,162.92,17,Low,75,No,No,Overdue
CUST10628,Chennai,South,Personal Loan,Salaried,52,1778328,3538882,3,770,30,17.68,127372,4552939,77.73,14,Low,50,No,No,Active
CUST10629,Pune,West,Personal Loan,Business Owner,30,2206361,436213,3,645,0,13.5,14803,6514849,6.7,22,Low,100,No,No,Overdue
CUST10630,Pune,West,Home Loan,Salaried,42,477584,2546589,10,747,0,12.96,37963,86569,200.0,20,Low,75,No,No,Active
CUST10631,Kolkata,East,Auto Loan,Salaried,37,1585802,466690,10,818,0,11.95,6682,984131,47.42,1,Low,50,No,No,Active
CUST10632,Bengaluru,South,Personal Loan,Salaried,24,1072015,1213951,30,719,60,9.01,9776,4875436,24.9,22,Low,75,No,No,Closed
CUST10633,Hyderabad,South,Home Loan,Self Employed,45,760971,3046244,3,665,10,6.54,93420,4878154,62.45,31,Medium,75,No,No,Closed
CUST10634,Kolkata,East,Home Loan,Salaried,41,2449654,4396421,3,850,60,9.4,140625,4316841,101.84,20,Low,50,No,No,Active
CUST10635,Delhi,North,Auto Loan,Self Employed,57,2148067,927751,1,706,0,12.62,82699,6345262,14.62,8,Low,75,No,No,Active
CUST10636,Delhi,North,Home Loan,Business Owner,58,1736570,972426,15,716,30,11.06,11089,6160644,15.78,14,Low,75,No,No,Active
CUST10637,Kolkata,East,Business Loan,Salaried,21,1831348,728066,20,718,60,11.88,7956,5527344,13.17,19,Low,75,No,No,Closed
CUST10638,Pune,West,Personal Loan,Self Employed,45,1034741,1927779,2,731,15,18.27,96494,6026020,31.99,13,Low,75,No,No,Active
CUST10639,Delhi,North,Personal Loan,Salaried,56,2203615,1675199,5,676,30,10.7,36173,1221793,137.11,20,Low,75,No,No,Active
CUST10640,Ahmedabad,West,Auto Loan,Business Owner,37,629777,1851951,30,713,0,11.93,18950,3340488,55.44,17,Low,75,No,No,Active
CUST10641,Chennai,South,Education Loan,Business Owner,61,321449,102949,15,767,60,8.1,990,3456453,2.98,24,Low,50,Yes,Yes,Default
CUST10642,Chennai,South,Personal Loan,Salaried,44,1366995,4708234,20,674,10,7.08,36729,5204369,90.47,27,Low,75,No,No,Active
CUST10643,Ahmedabad,West,Auto Loan,Self Employed,22,475920,2242710,1,671,30,15.8,203271,6836498,32.8,37,Medium,75,No,No,Closed
CUST10644,Kolkata,East,Personal Loan,Salaried,60,1808662,3604184,5,680,0,13.35,82653,6361293,56.66,23,Low,75,No,No,Overdue
CUST10645,Ahmedabad,West,Home Loan,Salaried,35,315370,1059260,10,623,10,15.63,17501,5905447,17.94,35,Medium,100,No,No,Active
CUST10646,Hyderabad,South,Business Loan,Business Owner,52,1036636,839148,3,652,0,8.3,26412,945424,88.76,18,Low,75,No,No,Active
CUST10647,Hyderabad,South,Education Loan,Salaried,59,628377,1565509,7,649,60,13.36,28787,4413115,35.47,38,Medium,100,No,No,Active
CUST10648,Kolkata,East,Auto Loan,Salaried,26,2180564,1603091,30,700,5,9.54,13526,1958754,81.84,11,Low,75,No,No,Closed
CUST10649,Ahmedabad,West,Business Loan,Salaried,21,671830,3871301,25,759,5,9.24,33126,639068,200.0,21,Low,50,No,No,Active
CUST10650,Hyderabad,South,Business Loan,Business Owner,43,1096004,2219068,3,802,0,6.64,68154,6902825,32.15,8,Low,50,No,No,Active
CUST10651,Pune,West,Auto Loan,Salaried,59,1773786,3917239,7,704,10,8.06,61172,1859024,200.0,18,Low,75,No,No,Active
CUST10652,Ahmedabad,West,Education Loan,Salaried,37,607244,1358166,20,732,0,10.21,13296,1371242,99.05,12,Low,75,No,No,Active
CUST10653,Pune,West,Auto Loan,Self Employed,54,684677,2919530,10,717,90,7.9,35268,3663175,79.7,41,Medium,75,Yes,No,Active
CUST10654,Hyderabad,South,Auto Loan,Business Owner,61,996698,2145104,5,553,10,18.33,54857,6150208,34.88,50,Medium,100,Yes,Yes,Default
CUST10655,Chennai,South,Auto Loan,Salaried,49,698895,3770922,20,620,15,10.2,36891,5185900,72.71,43,Medium,100,No,No,Active
CUST10656,Hyderabad,South,Auto Loan,Salaried,29,1455393,3982623,3,753,0,8.06,124911,2020148,197.15,16,Low,50,No,No,Overdue
CUST10657,Pune,West,Home Loan,Salaried,33,2269319,1173270,3,760,120,8.89,37250,1160675,101.09,37,Medium,50,Yes,Yes,Default
CUST10658,Mumbai,West,Business Loan,Salaried,26,1111515,2561019,5,758,120,13.55,58995,5918342,43.27,34,Medium,50,Yes,No,Active
CUST10659,Bengaluru,South,Business Loan,Salaried,26,2389821,1380728,25,688,0,7.27,9998,4036589,34.21,12,Low,75,No,No,Active
CUST10660,Delhi,North,Home Loan,Self Employed,40,972330,1079242,7,560,5,16.85,21962,4279319,25.22,34,Medium,100,No,No,Closed
CUST10661,Ahmedabad,West,Education Loan,Self Employed,23,460539,2217626,20,628,30,18.04,34293,2726427,81.34,49,Medium,100,No,No,Overdue
CUST10662,Mumbai,West,Home Loan,Self Employed,37,1922955,3758201,10,639,15,9.46,48548,4772925,78.74,28,Low,100,No,No,Active
CUST10663,Hyderabad,South,Personal Loan,Salaried,32,446150,400068,3,744,120,11.9,13269,3138832,12.75,39,Medium,75,Yes,Yes,Default
CUST10664,Chennai,South,Auto Loan,Business Owner,65,2025964,3474638,20,675,0,6.77,26461,2050276,169.47,18,Low,75,No,No,Active
CUST10665,Kolkata,East,Home Loan,Salaried,21,669415,2788384,25,818,0,14.19,33971,2809858,99.24,17,Low,50,No,No,Active
CUST10666,Hyderabad,South,Education Loan,Business Owner,37,2152158,454911,20,803,60,11.47,4842,4844964,9.39,13,Low,50,No,No,Closed
CUST10667,Chennai,South,Education Loan,Self Employed,23,826012,2558164,5,817,5,9.74,54027,5973721,42.82,13,Low,50,No,No,Active
CUST10668,Bengaluru,South,Personal Loan,Salaried,46,1815765,3369343,10,636,10,8.98,42645,2016142,167.12,27,Low,100,No,No,Active
CUST10669,Hyderabad,South,Home Loan,Self Employed,35,904857,3693394,1,734,30,14.35,332228,4587826,80.5,25,Low,75,No,No,Active
CUST10670,Pune,West,Personal Loan,Salaried,56,2449798,1787075,5,667,60,11.49,39293,4544943,39.32,28,Low,75,No,No,Active
CUST10671,Kolkata,East,Auto Loan,Self Employed,52,2185534,1219070,20,723,120,8.66,10703,2691207,45.3,31,Medium,75,Yes,No,Closed
CUST10672,Chennai,South,Business Loan,Salaried,52,312659,4187075,1,644,30,14.77,377464,3250060,128.83,47,Medium,100,No,No,Overdue
CUST10673,Chennai,South,Auto Loan,Salaried,24,819872,221277,3,786,0,13.28,7486,3971586,5.57,6,Low,50,No,No,Overdue
CUST10674,Chennai,South,Home Loan,Business Owner,38,2269237,4736270,1,645,5,16.8,431521,6822080,69.43,25,Low,100,No,No,Closed
CUST10675,Bengaluru,South,Auto Loan,Salaried,39,927108,2443455,25,564,120,7.91,18714,374344,200.0,63,High,100,Yes,No,Active
CUST10676,Hyderabad,South,Personal Loan,Business Owner,63,1116320,1411212,2,842,0,15.93,69050,5522280,25.55,5,Low,50,No,No,Active
CUST10677,Bengaluru,South,Education Loan,Salaried,55,995864,1653344,25,731,120,14.58,20639,2851957,57.97,34,Medium,75,Yes,No,Active
CUST10678,Ahmedabad,West,Home Loan,Self Employed,60,2255838,3323751,5,625,90,7.88,67203,6472345,51.35,43,Medium,100,Yes,No,Active
CUST10679,Delhi,North,Education Loan,Self Employed,34,1408265,2519491,2,689,0,14.84,121970,1548496,162.71,16,Low,75,No,No,Active
CUST10680,Delhi,North,Personal Loan,Salaried,53,1393865,2972321,5,660,0,11.8,65818,295863,200.0,27,Low,75,No,No,Overdue
CUST10681,Ahmedabad,West,Business Loan,Salaried,34,1511604,1431710,30,700,120,17.84,21390,3974177,36.03,41,Medium,75,Yes,No,Overdue
CUST10682,Hyderabad,South,Personal Loan,Salaried,54,447598,2641822,10,756,90,8.2,32332,2142856,123.29,39,Medium,50,Yes,No,Active
CUST10683,Pune,West,Auto Loan,Salaried,24,1827824,2107797,15,745,120,14.21,28368,816445,200.0,30,Low,75,Yes,No,Closed
CUST10684,Bengaluru,South,Business Loan,Salaried,44,1330997,851818,3,718,0,11.08,27920,6633591,12.84,7,Low,75,No,No,Active
CUST10685,Kolkata,East,Home Loan,Self Employed,49,1796482,2268787,3,700,60,17.98,81999,1389068,163.33,25,Low,75,No,No,Active
CUST10686,Chennai,South,Business Loan,Business Owner,39,1181452,2845766,30,776,0,10.46,25946,226884,200.0,10,Low,50,No,No,Closed
CUST10687,Chennai,South,Auto Loan,Business Owner,26,1275687,4465239,20,565,0,18.05,69084,1216424,200.0,42,Medium,100,No,No,Active
CUST10688,Hyderabad,South,Home Loan,Self Employed,53,612829,3249362,7,648,0,17.32,67006,3417932,95.07,35,Medium,100,No,No,Active
CUST10689,Pune,West,Personal Loan,Self Employed,60,396750,3151373,5,631,0,9.74,66555,4506371,69.93,43,Medium,100,No,No,Overdue
CUST10690,Delhi,North,Auto Loan,Self Employed,39,300592,2850174,15,770,0,16.14,42139,78563,200.0,20,Low,50,No,No,Closed
CUST10691,Delhi,North,Home Loan,Salaried,21,414000,923420,15,648,60,18.45,15171,1138355,81.12,42,Medium,100,No,No,Overdue
CUST10692,Chennai,South,Auto Loan,Business Owner,25,502137,542503,25,610,90,9.53,4751,5931529,9.15,49,Medium,100,Yes,No,Overdue
CUST10693,Hyderabad,South,Personal Loan,Self Employed,47,559653,4462903,25,738,0,11.74,46149,5131547,86.97,32,Medium,75,Yes,Yes,Default
CUST10694,Bengaluru,South,Auto Loan,Self Employed,36,1290178,2385071,7,636,30,12.74,43053,2196856,108.57,31,Medium,100,No,No,Active
CUST10695,Delhi,North,Home Loan,Salaried,26,2480269,2615820,20,675,10,10.04,25313,5504637,47.52,18,Low,75,No,No,Active
CUST10696,Bengaluru,South,Business Loan,Salaried,60,417069,2550511,30,850,0,6.68,16424,4061317,62.8,20,Low,50,No,No,Active
CUST10697,Pune,West,Business Loan,Salaried,33,746510,4128813,1,755,90,9.14,361339,6401690,64.5,39,Medium,50,Yes,No,Active
CUST10698,Delhi,North,Business Loan,Business Owner,55,1470894,3546716,25,685,15,9.88,31929,1372407,200.0,23,Low,75,No,No,Active
CUST10699,Delhi,North,Auto Loan,Salaried,39,1818197,994461,20,692,0,11.82,10825,2133643,46.61,11,Low,75,No,No,Closed
CUST10700,Mumbai,West,Home Loan,Salaried,32,888092,1517256,10,764,10,8.55,18852,2848061,53.27,9,Low,50,No,No,Active
CUST10701,Delhi,North,Auto Loan,Business Owner,36,1277996,4399025,3,746,30,16.98,156793,4004275,109.86,21,Low,75,No,No,Active
CUST10702,Ahmedabad,West,Home Loan,Salaried,63,779792,4380972,3,705,5,14.96,151782,3001519,145.96,33,Medium,75,No,No,Overdue
CUST10703,Kolkata,East,Home Loan,Salaried,30,1755326,328518,20,707,60,7.52,2651,3491650,9.41,20,Low,75,No,No,Active
CUST10704,Ahmedabad,West,Personal Loan,Salaried,45,803607,3461647,7,596,120,14.3,65446,1069024,200.0,65,High,100,Yes,No,Active
CUST10705,Hyderabad,South,Personal Loan,Self Employed,40,844635,2755421,30,582,10,14.34,33391,4698697,58.64,40,Medium,100,No,No,Closed
CUST10706,Hyderabad,South,Education Loan,Business Owner,51,2240293,1414359,15,688,90,17.97,22747,1362270,103.82,31,Medium,75,Yes,No,Closed
CUST10707,Bengaluru,South,Auto Loan,Salaried,24,2276836,1212586,7,656,90,6.54,18030,6575046,18.44,35,Medium,75,Yes,No,Active
CUST10708,Ahmedabad,West,Personal Loan,Business Owner,64,848629,4767776,20,741,90,9.48,44380,4533027,105.18,40,Medium,75,Yes,No,Active
CUST10709,Ahmedabad,West,Home Loan,Salaried,43,1882457,456884,30,714,0,17.63,6748,901111,50.7,6,Low,75,No,No,Active
CUST10710,Ahmedabad,West,Business Loan,Business Owner,22,1351248,4503325,30,646,0,17.69,66730,2114253,200.0,29,Low,100,No,No,Active
CUST10711,Pune,West,Personal Loan,Self Employed,42,1563640,197032,5,711,0,15.15,4703,5177986,3.81,6,Low,75,No,No,Active
CUST10712,Delhi,North,Personal Loan,Business Owner,57,693953,3338157,2,671,5,15.69,162953,290160,200.0,32,Medium,75,No,No,Closed
CUST10713,Kolkata,East,Home Loan,Salaried,28,2037561,4702124,3,845,120,7.6,146481,4809073,97.78,34,Medium,50,Yes,No,Active
CUST10714,Bengaluru,South,Education Loan,Business Owner,27,224036,1412516,20,727,90,12.67,16218,6868546,20.56,42,Medium,75,Yes,No,Active
CUST10715,Ahmedabad,West,Auto Loan,Self Employed,34,1377017,2425100,15,591,120,9.28,25003,6036861,40.17,56,Medium,100,Yes,No,Active
CUST10716,Ahmedabad,West,Home Loan,Salaried,23,2420019,1768562,2,827,15,8.67,80529,4404309,40.16,16,Low,50,Yes,Yes,Default
CUST10717,Mumbai,West,Home Loan,Business Owner,36,549349,2306356,10,656,0,16.22,38951,3826450,60.27,41,Medium,75,Yes,Yes,Default
CUST10718,Bengaluru,South,Auto Loan,Salaried,39,865503,1379785,25,632,90,8.12,10759,1620706,85.13,43,Medium,100,Yes,No,Active
CUST10719,Ahmedabad,West,Auto Loan,Business Owner,38,602641,4349376,5,850,15,12.12,97013,4240843,102.56,23,Low,50,No,No,Active
CUST10720,Bengaluru,South,Home Loan,Salaried,36,2103217,2811642,25,724,5,17.76,42126,5800885,48.47,10,Low,75,No,No,Active
CUST10721,Delhi,North,Business Loan,Self Employed,28,517283,4333664,2,749,5,8.73,197446,3069252,141.2,21,Low,75,No,No,Active
CUST10722,Mumbai,West,Home Loan,Salaried,53,1758232,3433737,2,751,0,18.24,171825,770569,200.0,8,Low,50,No,No,Active
CUST10723,Bengaluru,South,Personal Loan,Salaried,32,763117,4951366,25,686,30,18.43,76839,2513384,197.0,36,Medium,75,No,No,Active
CUST10724,Kolkata,East,Business Loan,Salaried,31,571180,742353,15,660,0,13.17,9476,5429152,13.67,19,Low,75,No,No,Active
CUST10725,Kolkata,East,Personal Loan,Salaried,25,1682086,4931539,15,671,0,8.54,48679,115042,200.0,24,Low,75,No,No,Active
CUST10726,Hyderabad,South,Auto Loan,Salaried,47,813718,2808566,1,813,120,10.29,247297,2225074,126.22,39,Medium,50,Yes,No,Active
CUST10727,Mumbai,West,Personal Loan,Salaried,32,2289458,2378033,10,714,60,11.59,33557,92447,200.0,22,Low,75,No,No,Active
CUST10728,Mumbai,West,Home Loan,Self Employed,37,758110,1205933,15,792,5,10.21,13114,3491274,34.54,7,Low,50,No,No,Active
CUST10729,Hyderabad,South,Business Loan,Salaried,26,204042,1540309,10,695,60,9.87,20245,5547631,27.77,41,Medium,75,No,No,Active
CUST10730,Bengaluru,South,Personal Loan,Salaried,53,588302,4451744,10,647,0,18.17,80702,1078562,200.0,35,Medium,100,No,No,Closed
CUST10731,Mumbai,West,Business Loan,Self Employed,25,927410,3355107,2,599,10,8.34,152263,2743122,122.31,39,Medium,100,No,No,Closed
CUST10732,Kolkata,East,Home Loan,Salaried,48,329395,244152,10,745,90,15.3,3984,3734341,6.54,22,Low,75,Yes,No,Active
CUST10733,Kolkata,East,Home Loan,Business Owner,34,1115783,1978356,5,819,0,6.5,38709,3655847,54.11,7,Low,50,No,No,Active
CUST10734,Ahmedabad,West,Home Loan,Business Owner,25,1537719,4847927,25,638,5,13.65,57062,3535797,137.11,30,Low,100,No,No,Active
CUST10735,Delhi,North,Auto Loan,Self Employed,53,2339932,862744,1,736,15,17.49,78887,2347628,36.75,7,Low,75,No,No,Active
CUST10736,Mumbai,West,Personal Loan,Self Employed,61,1945520,3169812,20,604,120,9.96,30505,5297853,59.83,53,Medium,100,Yes,No,Closed
CUST10737,Bengaluru,South,Business Loan,Business Owner,39,2128010,3262713,7,661,60,8.73,52048,6277609,51.97,32,Medium,75,No,No,Active
CUST10738,Hyderabad,South,Personal Loan,Salaried,42,1672017,3850760,1,719,0,14.32,346329,5912930,65.12,14,Low,75,No,No,Closed
CUST10739,Hyderabad,South,Business Loan,Salaried,25,1921888,1025112,5,579,10,15.05,24414,3727904,27.5,30,Low,100,No,No,Closed
CUST10740,Bengaluru,South,Home Loan,Salaried,22,1921599,4727482,1,699,30,14.76,426159,1583820,200.0,29,Low,75,No,No,Overdue
CUST10741,Pune,West,Business Loan,Self Employed,50,302019,4083123,10,641,0,10.33,54708,3232567,126.31,46,Medium,100,Yes,Yes,Default
CUST10742,Chennai,South,Education Loan,Salaried,59,551852,605839,2,742,30,9.53,27825,2022307,29.96,12,Low,75,No,No,Active
CUST10743,Delhi,North,Education Loan,Self Employed,24,1945317,664101,7,688,60,17.97,13946,4361909,15.23,33,Medium,75,Yes,Yes,Default
CUST10744,Hyderabad,South,Education Loan,Business Owner,53,359001,499813,15,766,60,17.58,7899,1012714,49.35,18,Low,50,No,No,Closed
CUST10745,Mumbai,West,Education Loan,Business Owner,33,864494,3896300,2,680,90,11.99,183394,6808210,57.23,47,Medium,75,Yes,No,Closed
CUST10746,Delhi,North,Auto Loan,Salaried,40,773731,1928266,10,605,15,16.65,33086,6216618,31.02,35,Medium,100,No,No,Active
CUST10747,Mumbai,West,Home Loan,Salaried,27,840187,601238,10,596,15,11.93,8602,1149707,52.29,34,Medium,100,No,No,Overdue
CUST10748,Pune,West,Home Loan,Business Owner,35,276143,4661008,7,566,0,11.59,81261,5572618,83.64,48,Medium,100,No,No,Active
CUST10749,Kolkata,East,Business Loan,Self Employed,43,324771,3693488,7,744,0,8.38,58269,4730111,78.08,26,Low,75,No,No,Overdue
CUST10750,Delhi,North,Auto Loan,Salaried,34,1200332,2131280,3,850,5,11.62,70403,4880779,43.67,8,Low,50,No,No,Active
CUST10751,Ahmedabad,West,Education Loan,Salaried,43,1735289,50215,30,730,5,12.95,554,983770,5.1,4,Low,75,No,No,Closed
CUST10752,Hyderabad,South,Personal Loan,Business Owner,39,1188923,4612051,30,817,60,6.77,29975,2098984,200.0,28,Low,50,No,No,Active
CUST10753,Delhi,North,Home Loan,Self Employed,49,2000908,2945107,2,779,0,11.83,138403,5153176,57.15,6,Low,50,No,No,Active
CUST10754,Delhi,North,Home Loan,Business Owner,40,840673,3219562,15,664,120,15.88,47017,5724521,56.24,53,Medium,75,Yes,No,Active
CUST10755,Delhi,North,Auto Loan,Business Owner,49,1897534,1067375,1,789,5,14.66,96168,3783938,28.21,3,Low,50,No,No,Active
CUST10756,Chennai,South,Personal Loan,Self Employed,44,291362,322544,10,666,5,14.12,5031,6396930,5.04,18,Low,75,No,No,Active
CUST10757,Delhi,North,Home Loan,Salaried,38,1519527,584633,10,668,0,17.41,10313,6885459,8.49,14,Low,75,No,No,Active
CUST10758,Mumbai,West,Personal Loan,Salaried,30,2216503,1913907,3,685,0,6.72,58851,858267,200.0,13,Low,75,No,No,Closed
CUST10759,Kolkata,East,Home Loan,Salaried,61,356298,864661,2,689,10,13.18,41181,3743382,23.1,26,Low,75,No,No,Overdue
CUST10760,Pune,West,Auto Loan,Salaried,28,653288,2657421,2,746,15,15.95,130052,4172975,63.68,20,Low,75,No,No,Closed
CUST10761,Bengaluru,South,Home Loan,Self Employed,46,2068007,1366303,25,653,90,13.0,15410,4231874,32.29,36,Medium,75,Yes,No,Active
CUST10762,Delhi,North,Education Loan,Self Employed,49,1939814,972401,7,762,90,10.39,16340,481193,200.0,21,Low,50,Yes,No,Active
CUST10763,Hyderabad,South,Personal Loan,Business Owner,30,1919122,4757926,15,761,90,8.14,45855,2759127,172.44,29,Low,50,Yes,No,Active
CUST10764,Delhi,North,Personal Loan,Salaried,37,955292,1170113,7,724,0,17.15,24014,5595269,20.91,14,Low,75,No,No,Overdue
CUST10765,Hyderabad,South,Home Loan,Self Employed,22,2090217,1863353,15,836,90,12.15,22544,627475,200.0,27,Low,50,Yes,No,Overdue
CUST10766,Mumbai,West,Home Loan,Self Employed,26,1780741,4642087,5,790,60,17.04,115468,3955594,117.35,23,Low,50,No,No,Active
CUST10767,Hyderabad,South,Personal Loan,Self Employed,25,369073,4714759,20,775,0,13.53,57027,3232607,145.85,20,Low,50,No,No,Active
CUST10768,Ahmedabad,West,Personal Loan,Self Employed,48,539281,4476421,30,705,0,14.59,55137,540027,200.0,32,Medium,75,No,No,Overdue
CUST10769,Bengaluru,South,Auto Loan,Salaried,61,399707,3529664,30,725,0,16.15,47893,6357658,55.52,29,Low,75,No,No,Overdue
CUST10770,Kolkata,East,Personal Loan,Salaried,25,1265610,3589172,15,737,15,14.41,48791,2195732,163.46,21,Low,75,No,No,Overdue
CUST10771,Hyderabad,South,Auto Loan,Salaried,38,351389,4203514,30,701,90,11.28,40923,1797355,200.0,51,Medium,75,Yes,No,Overdue
CUST10772,Hyderabad,South,Business Loan,Salaried,46,1239165,2708492,7,674,30,12.66,48774,3225327,83.98,26,Low,75,No,No,Active
CUST10773,Kolkata,East,Education Loan,Salaried,40,1285797,4695289,10,532,10,16.14,79062,4883313,96.15,49,Medium,150,No,No,Active
CUST10774,Bengaluru,South,Home Loan,Self Employed,61,1005963,2193184,7,750,0,10.98,37530,755724,200.0,9,Low,50,No,No,Active
CUST10775,Delhi,North,Personal Loan,Business Owner,47,756515,554910,15,773,0,11.16,6363,5159253,10.76,3,Low,50,No,No,Active
CUST10776,Hyderabad,South,Home Loan,Self Employed,32,273078,3491558,2,619,0,7.65,157357,5883938,59.34,40,Medium,100,No,No,Active
CUST10777,Kolkata,East,Home Loan,Self Employed,27,2230053,673090,7,742,0,17.48,13942,3482837,19.33,2,Low,75,No,No,Active
CUST10778,Ahmedabad,West,Business Loan,Salaried,23,1007679,2079341,30,659,0,7.59,14667,2096539,99.18,22,Low,75,No,No,Active
CUST10779,Ahmedabad,West,Home Loan,Self Employed,30,939401,3067465,3,674,15,14.28,105256,1436052,200.0,28,Low,75,No,No,Active
CUST10780,Mumbai,West,Personal Loan,Salaried,54,2165681,2576915,25,792,60,11.46,26118,2801133,92.0,17,Low,50,No,No,Active
CUST10781,Kolkata,East,Auto Loan,Salaried,45,2240046,2452114,10,631,0,11.37,34293,3537553,69.32,22,Low,100,No,No,Active
CUST10782,Mumbai,West,Auto Loan,Salaried,55,1999231,3529799,30,631,120,14.65,43646,3047582,115.82,50,Medium,100,Yes,No,Active
CUST10783,Ahmedabad,West,Personal Loan,Salaried,36,1106921,1819617,3,826,90,7.31,56443,3931067,46.29,30,Low,50,Yes,No,Overdue
CUST10784,Bengaluru,South,Home Loan,Salaried,22,1729317,2488761,15,690,120,13.62,32511,5881468,42.32,45,Medium,75,Yes,No,Overdue
CUST10785,Delhi,North,Personal Loan,Salaried,44,248207,2898039,5,787,10,15.76,70106,4494445,64.48,22,Low,50,No,No,Active
CUST10786,Kolkata,East,Personal Loan,Salaried,30,1068698,687509,3,588,30,16.44,24320,4385316,15.68,33,Medium,100,No,No,Active
CUST10787,Pune,West,Home Loan,Business Owner,58,2388578,2446629,20,594,60,8.55,21310,696084,200.0,40,Medium,100,No,No,Active
CUST10788,Ahmedabad,West,Personal Loan,Salaried,42,1739657,930432,5,636,0,17.27,23259,5078541,18.32,19,Low,100,No,No,Closed
CUST10789,Ahmedabad,West,Home Loan,Salaried,46,2411946,516995,1,666,0,14.37,46510,4357080,11.87,13,Low,75,No,No,Active
CUST10790,Pune,West,Home Loan,Salaried,63,1923967,4872778,10,602,0,17.08,84935,2481498,196.36,32,Medium,100,No,No,Active
CUST10791,Chennai,South,Personal Loan,Self Employed,59,725726,4934299,30,726,10,12.32,51973,5664487,87.11,31,Medium,75,No,No,Overdue
CUST10792,Ahmedabad,West,Home Loan,Salaried,47,2321008,3989625,1,730,0,13.0,356342,6223675,64.1,10,Low,75,No,No,Active
CUST10793,Hyderabad,South,Personal Loan,Salaried,49,622244,1679618,7,637,0,17.53,34841,3104379,54.1,28,Low,100,No,No,Active
CUST10794,Bengaluru,South,Auto Loan,Salaried,58,1016309,3424775,15,643,90,17.3,53437,766230,200.0,48,Medium,100,Yes,No,Active
CUST10795,Kolkata,East,Education Loan,Salaried,40,670999,2240002,10,652,30,11.88,31982,2099678,106.68,34,Medium,75,No,No,Active
CUST10796,Pune,West,Home Loan,Salaried,47,797762,3043349,2,618,15,9.79,140140,6102651,49.87,38,Medium,100,No,No,Active
CUST10797,Hyderabad,South,Home Loan,Salaried,61,2186549,1292522,5,497,90,11.22,28245,6258588,20.65,64,High,150,Yes,No,Overdue
CUST10798,Pune,West,Home Loan,Salaried,40,1968053,2618101,2,694,30,11.15,122206,5511598,47.5,20,Low,75,No,No,Active
CUST10799,Kolkata,East,Auto Loan,Salaried,64,587407,1016325,1,670,10,9.94,89323,2368029,42.92,21,Low,75,No,No,Closed
CUST10800,Mumbai,West,Auto Loan,Salaried,39,1051158,4047936,3,677,90,9.72,130084,4506738,89.82,45,Medium,75,Yes,No,Active
CUST10801,Kolkata,East,Home Loan,Business Owner,40,1483306,1347776,3,629,15,16.83,47938,6626393,20.34,25,Low,100,No,No,Active
CUST10802,Chennai,South,Business Loan,Self Employed,55,1475308,4969831,15,757,15,7.34,45620,36051,200.0,17,Low,50,No,No,Active
CUST10803,Kolkata,East,Home Loan,Salaried,22,600602,2091215,1,850,5,14.63,188385,6307365,33.16,15,Low,50,No,No,Active
CUST10804,Kolkata,East,Personal Loan,Salaried,50,1807650,1857317,25,642,0,8.57,15043,4677202,39.71,20,Low,100,No,No,Active
CUST10805,Chennai,South,Auto Loan,Business Owner,54,236635,3752590,10,798,10,10.63,50909,5320218,70.53,22,Low,50,No,No,Active
CUST10806,Bengaluru,South,Business Loan,Salaried,42,1581430,3822088,5,726,90,7.24,76115,6102744,62.63,37,Medium,75,Yes,No,Overdue
CUST10807,Ahmedabad,West,Auto Loan,Salaried,23,1553713,1533702,3,702,60,9.74,49301,3666279,41.83,24,Low,75,No,No,Active
CUST10808,Kolkata,East,Education Loan,Self Employed,26,1341328,4978476,3,676,60,15.72,174341,3436005,144.89,38,Medium,75,No,No,Active
CUST10809,Chennai,South,Personal Loan,Salaried,35,408584,3936613,2,694,10,17.12,194862,3852659,102.18,30,Low,75,No,No,Active
CUST10810,Hyderabad,South,Education Loan,Salaried,47,2410038,4060442,2,780,90,9.16,185798,2700502,150.36,25,Low,50,Yes,No,Active
CUST10811,Mumbai,West,Home Loan,Salaried,30,1307113,4354083,30,620,0,12.06,44988,3327708,130.84,33,Medium,100,No,No,Active
CUST10812,Mumbai,West,Business Loan,Business Owner,29,1900444,3354860,7,681,0,12.14,59474,4598798,72.95,17,Low,75,No,No,Active
CUST10813,Kolkata,East,Personal Loan,Salaried,53,265166,4696386,25,787,0,16.98,67450,4567994,102.81,20,Low,50,No,No,Active
CUST10814,Bengaluru,South,Education Loan,Self Employed,52,1044285,384248,2,769,90,15.65,18750,3078921,12.48,20,Low,50,Yes,No,Active
CUST10815,Bengaluru,South,Personal Loan,Business Owner,26,477883,711440,2,621,15,12.66,33710,2022862,35.17,28,Low,100,No,No,Closed
CUST10816,Hyderabad,South,Auto Loan,Salaried,61,343052,1243502,10,687,0,14.55,19721,3987575,31.18,24,Low,75,No,No,Active
CUST10817,Kolkata,East,Personal Loan,Salaried,56,936079,3379782,30,751,60,16.67,47280,746447,200.0,27,Low,50,No,No,Active
CUST10818,Mumbai,West,Auto Loan,Salaried,22,2100024,804981,2,746,90,6.61,35899,5006034,16.08,21,Low,75,Yes,No,Closed
CUST10819,Bengaluru,South,Home Loan,Salaried,49,1623401,431325,5,768,90,11.33,9449,6523402,6.61,30,Low,50,Yes,Yes,Default
CUST10820,Kolkata,East,Home Loan,Salaried,24,2343405,863526,10,727,0,17.39,15222,677551,127.45,5,Low,75,No,No,Closed
CUST10821,Pune,West,Home Loan,Business Owner,21,795416,1013544,7,739,0,15.38,19775,3595908,28.19,7,Low,75,No,No,Active
CUST10822,Bengaluru,South,Home Loan,Self Employed,39,2438233,2476062,1,724,30,13.01,221167,1212740,200.0,14,Low,75,No,No,Closed
CUST10823,Chennai,South,Business Loan,Self Employed,46,1366430,4928274,10,811,5,12.86,73178,6380863,77.24,15,Low,50,No,No,Active
CUST10824,Pune,West,Home Loan,Salaried,45,2092162,655751,1,670,0,10.67,57855,497165,131.9,13,Low,75,No,No,Active
CUST10825,Ahmedabad,West,Business Loan,Business Owner,30,1959810,1788614,3,703,60,12.75,60050,3732529,47.92,28,Low,75,No,No,Overdue
CUST10826,Bengaluru,South,Personal Loan,Business Owner,35,1340714,3482338,30,629,0,14.36,42255,5031833,69.21,29,Low,100,No,No,Active
CUST10827,Mumbai,West,Home Loan,Business Owner,42,492916,523656,7,615,0,11.52,9110,1718340,30.47,34,Medium,100,Yes,Yes,Default
CUST10828,Delhi,North,Education Loan,Salaried,41,220149,1008379,30,723,10,15.07,12807,2560390,39.38,24,Low,75,No,No,Closed
CUST10829,Pune,West,Auto Loan,Self Employed,42,528844,4861889,7,649,0,16.83,98880,6850942,70.97,35,Medium,100,No,No,Closed
CUST10830,Ahmedabad,West,Personal Loan,Salaried,56,308447,2951884,30,696,30,8.36,22405,1273871,200.0,34,Medium,75,No,No,Closed
CUST10831,Hyderabad,South,Personal Loan,Salaried,54,1234271,4077187,10,813,30,11.92,58307,1035702,200.0,19,Low,50,No,No,Active
CUST10832,Hyderabad,South,Auto Loan,Salaried,50,1792033,56464,30,809,0,11.4,555,1885005,3.0,0,Low,50,No,No,Active
CUST10833,Mumbai,West,Home Loan,Self Employed,45,860913,1639426,20,850,30,14.75,21286,3093348,53.0,19,Low,50,No,No,Overdue
CUST10834,Bengaluru,South,Business Loan,Self Employed,65,1594474,3775530,7,815,15,9.5,61707,978536,200.0,13,Low,50,No,No,Closed
CUST10835,Kolkata,East,Business Loan,Salaried,48,533039,1211140,1,850,120,14.18,108847,5244899,23.09,39,Medium,50,Yes,No,Overdue
CUST10836,Bengaluru,South,Auto Loan,Salaried,21,1541425,1468767,7,731,90,17.03,30041,605743,200.0,30,Low,75,Yes,No,Overdue
CUST10837,Mumbai,West,Home Loan,Salaried,65,2470146,3663163,3,637,90,11.52,120831,740599,200.0,52,Medium,100,Yes,Yes,Default
CUST10838,Hyderabad,South,Auto Loan,Salaried,24,1606420,2704074,5,630,0,17.43,67830,2246928,120.35,25,Low,100,No,No,Closed
CUST10839,Bengaluru,South,Home Loan,Salaried,27,1230457,1885068,20,798,30,18.42,29703,1197678,157.39,12,Low,50,No,No,Active
CUST10840,Hyderabad,South,Home Loan,Salaried,29,2185647,1894277,15,704,10,7.77,17852,2486179,76.19,12,Low,75,No,No,Active
CUST10841,Pune,West,Home Loan,Self Employed,56,1749720,315039,7,709,15,9.3,5117,2957135,10.65,10,Low,75,No,No,Closed
CUST10842,Ahmedabad,West,Personal Loan,Salaried,39,1307787,1441579,2,662,0,17.9,71900,3420,200.0,18,Low,75,No,No,Active
CUST10843,Kolkata,East,Business Loan,Salaried,21,1167626,2126259,10,670,30,18.0,38312,6470181,32.86,26,Low,75,No,No,Active
CUST10844,Pune,West,Auto Loan,Salaried,30,1120335,2251279,10,727,15,7.67,26923,4735332,47.54,15,Low,75,No,No,Active
CUST10845,Hyderabad,South,Auto Loan,Business Owner,56,2115657,4340730,30,626,5,6.68,27952,3473135,124.98,33,Medium,100,No,No,Overdue
CUST10846,Hyderabad,South,Personal Loan,Self Employed,29,2162539,3096672,30,718,0,8.43,23657,5872957,52.73,16,Low,75,No,No,Overdue
CUST10847,Delhi,North,Personal Loan,Self Employed,65,1139820,1110538,10,806,90,18.45,20333,1013368,109.59,23,Low,50,Yes,No,Closed
CUST10848,Delhi,North,Personal Loan,Salaried,62,899846,1446102,25,551,5,8.66,11801,5176367,27.94,37,Medium,100,No,No,Active
CUST10849,Pune,West,Business Loan,Self Employed,52,1889813,54011,20,592,0,12.53,615,2640905,2.05,24,Low,100,No,No,Closed
CUST10850,Chennai,South,Home Loan,Salaried,52,1268129,2014724,20,747,60,16.68,29063,4638952,43.43,19,Low,75,No,No,Active
CUST10851,Pune,West,Business Loan,Self Employed,26,1735929,4264086,1,795,0,6.74,368447,4729244,90.16,10,Low,50,No,No,Active
CUST10852,Delhi,North,Personal Loan,Business Owner,58,1089210,482941,7,666,10,13.75,8984,6749645,7.16,16,Low,75,No,No,Active
CUST10853,Hyderabad,South,Personal Loan,Self Employed,37,2132026,3239187,15,560,15,9.82,34453,2406967,134.58,38,Medium,100,No,No,Active
CUST10854,Mumbai,West,Auto Loan,Business Owner,30,212766,2758685,10,800,60,16.85,47683,6380798,43.23,32,Medium,50,No,No,Active
CUST10855,Pune,West,Personal Loan,Self Employed,47,2226023,653151,7,643,0,9.9,10809,3427043,19.06,17,Low,100,No,No,Closed
CUST10856,Hyderabad,South,Business Loan,Salaried,55,735710,1873327,20,675,0,14.74,24309,1265777,148.0,21,Low,75,No,No,Active
CUST10857,Mumbai,West,Business Loan,Business Owner,41,2274966,3976449,3,722,5,14.59,137048,1308396,200.0,22,Low,75,Yes,Yes,Default
CUST10858,Mumbai,West,Personal Loan,Salaried,45,454349,1890277,10,653,10,9.16,24109,1235340,153.02,33,Medium,75,No,No,Active
CUST10859,Delhi,North,Home Loan,Salaried,48,659806,4550328,7,639,90,6.92,68499,58541,200.0,55,Medium,100,Yes,No,Active
CUST10860,Pune,West,Auto Loan,Salaried,35,1995419,4358307,20,640,30,11.41,46208,2106622,200.0,31,Medium,100,No,No,Active
CUST10861,Bengaluru,South,Business Loan,Salaried,24,1640235,4494910,5,830,30,9.97,95437,5226961,85.99,17,Low,50,No,No,Active
CUST10862,Kolkata,East,Home Loan,Salaried,49,1638316,781636,20,781,60,16.21,10998,5959584,13.12,14,Low,50,No,No,Active
CUST10863,Delhi,North,Auto Loan,Salaried,29,1607197,4804489,30,740,10,16.1,64996,2665748,180.23,16,Low,75,No,No,Active
CUST10864,Delhi,North,Auto Loan,Salaried,47,1256778,736290,2,547,10,11.98,34653,6211023,11.85,35,Medium,150,No,No,Active
CUST10865,Bengaluru,South,Auto Loan,Self Employed,46,619358,1811169,25,740,0,13.78,21498,6181710,29.3,13,Low,75,No,No,Active
CUST10866,Kolkata,East,Home Loan,Salaried,39,917744,1830832,25,737,90,13.75,21689,2232821,82.0,29,Low,75,Yes,No,Closed
CUST10867,Hyderabad,South,Auto Loan,Salaried,48,2298007,3266662,30,611,15,16.43,45063,4356164,74.99,30,Low,100,No,No,Active
CUST10868,Chennai,South,Business Loan,Self Employed,37,491385,2414825,30,718,90,11.6,24098,3079676,78.41,43,Medium,75,Yes,No,Active
CUST10869,Pune,West,Home Loan,Salaried,63,2243534,3972380,10,774,0,9.81,52078,1098053,200.0,7,Low,50,No,No,Closed
CUST10870,Chennai,South,Home Loan,Self Employed,61,1113476,2503894,5,740,10,9.68,52807,2729701,91.73,13,Low,75,No,No,Active
CUST10871,Hyderabad,South,Business Loan,Self Employed,62,2400957,2230139,5,652,0,12.93,50663,626754,200.0,23,Low,75,No,No,Overdue
CUST10872,Ahmedabad,West,Home Loan,Business Owner,40,2108854,3769194,10,701,120,11.89,53838,295215,200.0,44,Medium,75,Yes,No,Overdue
CUST10873,Delhi,North,Business Loan,Self Employed,65,989359,3333737,7,751,10,11.78,58458,2560971,130.17,16,Low,50,No,No,Active
CUST10874,Kolkata,East,Personal Loan,Salaried,60,2392809,1482672,10,704,60,7.59,17669,3600867,41.18,27,Low,75,No,No,Overdue
CUST10875,Delhi,North,Home Loan,Self Employed,59,2381580,614174,15,788,0,15.12,8646,4264864,14.4,1,Low,50,No,No,Closed
CUST10876,Mumbai,West,Business Loan,Salaried,43,2399187,1672563,15,728,60,9.06,17024,6233635,26.83,24,Low,75,No,No,Overdue
CUST10877,Delhi,North,Personal Loan,Salaried,52,1674139,2578474,25,753,5,8.86,21392,779680,200.0,7,Low,50,No,No,Closed
CUST10878,Delhi,North,Personal Loan,Self Employed,53,1459356,2257928,20,757,120,11.45,24001,3931294,57.43,31,Medium,50,Yes,No,Active
CUST10879,Hyderabad,South,Personal Loan,Salaried,25,1970146,3821460,10,625,120,9.23,48886,3596436,106.26,57,Medium,100,Yes,No,Overdue
CUST10880,Hyderabad,South,Auto Loan,Self Employed,63,249518,2515596,10,703,0,13.51,38321,3570714,70.45,27,Low,75,No,No,Active
CUST10881,Hyderabad,South,Home Loan,Business Owner,54,356355,4455113,7,677,10,10.96,76189,3484634,127.85,33,Medium,75,No,No,Active
CUST10882,Chennai,South,Personal Loan,Business Owner,60,2096334,1463967,1,773,0,11.89,129996,5409351,27.06,3,Low,50,No,No,Active
CUST10883,Mumbai,West,Business Loan,Business Owner,31,300243,3437990,25,732,30,12.95,38645,6805751,50.52,29,Low,75,No,No,Active
CUST10884,Ahmedabad,West,Home Loan,Salaried,23,1187378,4777589,25,687,60,8.94,39897,1237087,200.0,38,Medium,75,No,No,Active
CUST10885,Ahmedabad,West,Auto Loan,Salaried,53,2027756,3301830,25,610,0,8.37,26299,1978649,166.87,28,Low,100,No,No,Closed
CUST10886,Hyderabad,South,Personal Loan,Self Employed,31,2299844,3461097,20,588,0,17.07,50952,5769537,59.99,35,Medium,100,No,No,Overdue
CUST10887,Kolkata,East,Education Loan,Salaried,36,1877818,1732978,30,722,30,11.7,17426,5614987,30.86,14,Low,75,No,No,Active
CUST10888,Chennai,South,Home Loan,Self Employed,38,2498620,3124126,3,650,5,11.45,102947,2884112,108.32,31,Medium,75,Yes,Yes,Default
CUST10889,Bengaluru,South,Business Loan,Self Employed,50,2357304,2669222,1,747,0,6.93,230873,3254534,82.02,10,Low,75,No,No,Overdue
CUST10890,Kolkata,East,Personal Loan,Self Employed,30,2281121,1985772,20,585,60,12.48,22533,4821571,41.19,41,Medium,100,No,No,Active
CUST10891,Pune,West,Home Loan,Salaried,38,1264309,4618672,15,812,0,13.15,58894,5129855,90.04,15,Low,50,No,No,Active
CUST10892,Pune,West,Home Loan,Salaried,58,221743,2472952,7,746,30,13.21,45271,1083685,200.0,32,Medium,75,No,No,Overdue
CUST10893,Kolkata,East,Home Loan,Salaried,39,1883057,3272018,30,707,0,14.98,41321,5552522,58.93,13,Low,75,No,No,Active
CUST10894,Hyderabad,South,Personal Loan,Salaried,56,350948,1911663,15,818,0,8.63,18971,1366528,139.89,20,Low,50,No,No,Closed
CUST10895,Bengaluru,South,Personal Loan,Business Owner,33,1073877,1101690,30,766,15,9.53,9288,2833304,38.88,7,Low,50,No,No,Closed
CUST10896,Bengaluru,South,Education Loan,Salaried,23,2297475,2960086,5,667,60,16.23,72346,2473139,119.69,30,Low,75,No,No,Active
CUST10897,Chennai,South,Personal Loan,Salaried,30,1507148,99768,25,705,0,17.87,1504,2603927,3.83,7,Low,75,No,No,Active
CUST10898,Bengaluru,South,Home Loan,Salaried,58,681793,3506000,30,563,120,8.13,26044,1385140,200.0,73,High,100,Yes,No,Active
CUST10899,Pune,West,Auto Loan,Self Employed,21,506284,3828271,2,774,90,12.47,181051,3567850,107.3,39,Medium,50,Yes,No,Active
CUST10900,Mumbai,West,Auto Loan,Self Employed,47,2010314,2313557,25,679,0,9.07,19526,1418167,163.14,15,Low,75,No,No,Active
CUST10901,Hyderabad,South,Home Loan,Salaried,28,2098837,2150326,25,562,0,7.22,15501,2561854,83.94,37,Medium,100,No,No,Overdue
CUST10902,Bengaluru,South,Home Loan,Salaried,62,448508,167769,7,617,5,10.41,2821,3212624,5.22,22,Low,100,No,No,Active
CUST10903,Chennai,South,Home Loan,Salaried,37,571011,347542,1,761,0,8.22,30267,1152007,30.17,12,Low,50,Yes,Yes,Default
CUST10904,Pune,West,Auto Loan,Salaried,29,1657141,2576297,15,813,90,15.02,36093,415162,200.0,25,Low,50,Yes,No,Active
CUST10905,Mumbai,West,Auto Loan,Self Employed,26,1884627,3331121,30,701,0,12.9,36589,1619884,200.0,14,Low,75,No,No,Closed
CUST10906,Delhi,North,Personal Loan,Self Employed,63,962259,978864,30,631,120,8.23,7340,3351066,29.21,47,Medium,100,Yes,No,Closed
CUST10907,Delhi,North,Education Loan,Salaried,45,1848462,4112834,5,601,5,6.61,80684,2905745,141.54,42,Medium,100,Yes,Yes,Default
CUST10908,Mumbai,West,Education Loan,Salaried,59,1950403,4643321,25,799,0,16.2,63827,4222042,109.98,10,Low,50,No,No,Closed
CUST10909,Pune,West,Auto Loan,Business Owner,48,356968,981775,10,731,5,8.61,12230,3547407,27.68,15,Low,75,No,No,Active
CUST10910,Chennai,South,Business Loan,Salaried,53,2334214,2516511,3,677,0,13.77,85728,4251457,59.19,25,Low,75,Yes,Yes,Default
CUST10911,Mumbai,West,Home Loan,Self Employed,57,915122,3345784,10,660,10,10.54,45221,3884036,86.14,30,Low,75,No,No,Closed
CUST10912,Hyderabad,South,Home Loan,Salaried,29,1456485,3021679,30,747,10,13.53,34682,4255313,71.01,11,Low,75,No,No,Active
CUST10913,Hyderabad,South,Home Loan,Salaried,38,686995,4184608,10,745,30,10.29,55974,6117250,68.41,27,Low,75,No,No,Closed
CUST10914,Delhi,North,Home Loan,Salaried,41,2365454,1298749,7,637,60,7.54,19946,2983130,43.54,37,Medium,100,No,No,Overdue
CUST10915,Bengaluru,South,Personal Loan,Salaried,22,2247790,2649098,2,620,5,9.18,121242,484469,200.0,25,Low,100,No,No,Active
CUST10916,Chennai,South,Business Loan,Business Owner,63,2252723,726337,30,624,30,8.76,5719,3842640,18.9,26,Low,100,No,No,Active
CUST10917,Delhi,North,Home Loan,Salaried,58,1213224,2073553,30,667,5,11.64,20756,3464143,59.86,25,Low,75,No,No,Overdue
CUST10918,Bengaluru,South,Home Loan,Salaried,60,745635,2146419,2,652,0,14.4,103462,4990533,43.01,26,Low,75,No,No,Closed
CUST10919,Bengaluru,South,Personal Loan,Salaried,56,707409,3792918,15,813,15,9.67,39997,4266246,88.91,23,Low,50,No,No,Active
CUST10920,Ahmedabad,West,Business Loan,Salaried,63,2360945,4336476,2,665,5,6.64,193448,2215217,195.76,21,Low,75,No,No,Active
CUST10921,Hyderabad,South,Personal Loan,Salaried,57,1781028,4915294,10,613,0,12.73,72610,1324453,200.0,32,Medium,100,No,No,Active
CUST10922,Pune,West,Personal Loan,Salaried,35,467635,594344,7,616,90,13.77,11063,4640743,12.81,44,Medium,100,Yes,No,Closed
CUST10923,Kolkata,East,Home Loan,Self Employed,48,763510,1237030,5,687,10,18.05,31446,3535054,34.99,23,Low,75,No,No,Overdue
CUST10924,Pune,West,Home Loan,Salaried,38,708036,1154315,15,572,30,13.57,15040,1568366,73.6,39,Medium,100,No,No,Active
CUST10925,Kolkata,East,Business Loan,Salaried,54,1779417,98639,20,696,15,12.15,1096,682286,14.46,11,Low,75,No,No,Active
CUST10926,Mumbai,West,Business Loan,Business Owner,42,764668,2600206,5,606,120,13.38,59670,684143,200.0,60,Medium,100,Yes,No,Active
CUST10927,Hyderabad,South,Home Loan,Salaried,31,2321483,646682,1,781,10,17.63,59174,607648,106.42,3,Low,50,No,No,Closed
CUST10928,Bengaluru,South,Business Loan,Business Owner,33,931393,4574105,1,708,30,16.44,415965,3516250,130.08,32,Medium,75,No,No,Active
CUST10929,Chennai,South,Auto Loan,Salaried,24,1873481,2960744,1,848,15,10.38,260820,4484735,66.02,9,Low,50,No,No,Active
CUST10930,Kolkata,East,Business Loan,Business Owner,42,1005992,1930164,1,684,120,9.35,169109,1397636,138.1,43,Medium,75,Yes,No,Active
CUST10931,Pune,West,Personal Loan,Self Employed,27,780198,4426751,7,481,0,9.65,72691,5988572,73.92,60,Medium,150,No,No,Closed
CUST10932,Bengaluru,South,Personal Loan,Business Owner,63,577891,2495738,5,802,0,12.55,56212,1529275,163.2,17,Low,50,No,No,Active
CUST10933,Kolkata,East,Personal Loan,Business Owner,44,680201,4919236,25,735,0,15.43,64653,6032500,81.55,22,Low,75,No,No,Active
CUST10934,Kolkata,East,Auto Loan,Salaried,24,1221566,430069,3,746,0,12.54,14396,1664069,25.84,7,Low,75,No,No,Overdue
CUST10935,Ahmedabad,West,Home Loan,Business Owner,48,1224863,4248440,15,630,0,7.31,38926,232321,200.0,32,Medium,100,No,No,Active
CUST10936,Kolkata,East,Home Loan,Salaried,35,1238644,2209020,20,697,60,15.18,29382,137837,200.0,28,Low,75,No,No,Active
CUST10937,Chennai,South,Personal Loan,Salaried,21,1067198,2491559,10,713,15,16.17,42001,444842,200.0,28,Low,75,Yes,Yes,Default
CUST10938,Hyderabad,South,Auto Loan,Salaried,23,1799282,2965751,30,683,0,9.97,25961,744067,200.0,17,Low,75,No,No,Active
CUST10939,Chennai,South,Home Loan,Salaried,34,2015295,160957,1,579,60,14.47,14487,2239031,7.19,38,Medium,100,No,No,Active
CUST10940,Delhi,North,Auto Loan,Salaried,58,1250913,4784071,20,850,15,11.62,51415,2107356,200.0,18,Low,50,No,No,Active
CUST10941,Bengaluru,South,Business Loan,Self Employed,21,427667,4363696,30,759,30,17.17,62815,5990842,72.84,26,Low,50,No,No,Closed
CUST10942,Hyderabad,South,Home Loan,Salaried,58,836521,4904487,3,729,0,16.64,173981,6071432,80.78,23,Low,75,No,No,Active
CUST10943,Ahmedabad,West,Auto Loan,Self Employed,58,1067099,2927668,20,792,30,12.81,33904,102903,200.0,22,Low,50,No,No,Overdue
CUST10944,Hyderabad,South,Personal Loan,Business Owner,41,1580791,856017,5,745,0,14.8,20275,415874,200.0,3,Low,75,No,No,Active
CUST10945,Hyderabad,South,Business Loan,Salaried,49,1597231,3430575,20,653,60,17.1,50581,4975279,68.95,36,Medium,75,No,No,Active
CUST10946,Pune,West,Home Loan,Salaried,25,1711181,911501,1,787,15,12.45,81178,1607850,56.69,5,Low,50,No,No,Closed
CUST10947,Hyderabad,South,Auto Loan,Salaried,30,587974,4510168,3,760,5,10.26,146082,2962906,152.22,31,Medium,50,Yes,Yes,Default
CUST10948,Ahmedabad,West,Education Loan,Salaried,48,313248,4525715,10,655,60,15.54,74519,1929827,200.0,47,Medium,75,No,No,Active
CUST10949,Chennai,South,Business Loan,Salaried,41,1331882,1245344,25,755,90,9.14,10571,4062175,30.66,27,Low,50,Yes,No,Overdue
CUST10950,Hyderabad,South,Auto Loan,Salaried,27,2441878,735328,2,683,120,11.16,34327,2671744,27.52,36,Medium,75,Yes,No,Active
CUST10951,Mumbai,West,Personal Loan,Salaried,23,1124131,466561,1,715,0,16.89,42528,1900600,24.55,7,Low,75,No,No,Active
CUST10952,Bengaluru,South,Auto Loan,Business Owner,65,880270,4295871,30,742,15,15.19,54972,3466420,123.93,24,Low,75,No,No,Active
CUST10953,Hyderabad,South,Business Loan,Self Employed,40,270417,3126263,3,796,10,11.35,102869,3506319,89.16,22,Low,50,No,No,Active
CUST10954,Bengaluru,South,Personal Loan,Salaried,39,608638,1819361,5,655,10,9.08,37838,1612850,112.8,28,Low,75,No,No,Active
CUST10955,Mumbai,West,Home Loan,Self Employed,55,1240560,4851436,7,726,120,10.77,82483,4530543,107.08,44,Medium,75,Yes,No,Active
CUST10956,Mumbai,West,Business Loan,Salaried,24,1317888,3810713,3,841,0,9.91,122800,1140170,200.0,12,Low,50,No,No,Active
CUST10957,Bengaluru,South,Auto Loan,Salaried,25,372458,674913,30,688,60,8.61,5242,350425,192.6,29,Low,75,No,No,Active
CUST10958,Kolkata,East,Auto Loan,Self Employed,21,704608,1571193,2,714,60,15.42,76496,6102910,25.74,32,Medium,75,No,No,Overdue
CUST10959,Delhi,North,Home Loan,Salaried,24,1715963,967999,2,841,10,9.52,44454,2075904,46.63,14,Low,50,Yes,Yes,Default
CUST10960,Pune,West,Auto Loan,Salaried,32,2103782,2978339,15,745,60,11.95,35649,2922329,101.92,19,Low,75,No,No,Closed
CUST10961,Kolkata,East,Personal Loan,Business Owner,47,595105,2083764,25,597,120,11.13,20619,502939,200.0,62,High,100,Yes,No,Active
CUST10962,Kolkata,East,Auto Loan,Business Owner,62,1588791,444768,30,644,60,18.28,6805,1222196,36.39,30,Low,100,No,No,Active
CUST10963,Chennai,South,Home Loan,Self Employed,43,1483659,4295576,2,748,0,11.19,200587,4336057,99.07,12,Low,75,No,No,Closed
CUST10964,Pune,West,Auto Loan,Self Employed,45,2156850,299264,15,730,0,7.46,2767,6429512,4.65,14,Low,75,Yes,Yes,Default
CUST10965,Pune,West,Business Loan,Self Employed,41,2318929,4056622,15,711,90,7.58,37790,6450107,62.89,32,Medium,75,Yes,No,Active
CUST10966,Kolkata,East,Home Loan,Salaried,44,226250,3874977,15,850,0,13.59,50542,2331499,166.2,25,Low,50,No,No,Overdue
CUST10967,Hyderabad,South,Business Loan,Salaried,45,1071372,286538,3,657,90,13.69,9750,3566343,8.03,44,Medium,75,Yes,Yes,Default
CUST10968,Chennai,South,Personal Loan,Salaried,65,1530850,4759751,15,695,5,11.53,55694,2783993,170.97,27,Low,75,No,No,Overdue
CUST10969,Chennai,South,Business Loan,Salaried,52,655147,3659134,1,563,0,11.68,324562,5243824,69.78,48,Medium,100,No,No,Active
CUST10970,Mumbai,West,Education Loan,Salaried,52,1933282,203706,30,781,120,7.15,1376,4812585,4.23,25,Low,50,Yes,No,Active
CUST10971,Ahmedabad,West,Personal Loan,Salaried,25,2292368,3390552,1,644,0,12.7,302358,2368410,143.16,22,Low,100,No,No,Active
CUST10972,Pune,West,Auto Loan,Business Owner,56,1056336,4998122,7,774,5,12.56,89734,826278,200.0,20,Low,50,No,No,Active
CUST10973,Kolkata,East,Business Loan,Business Owner,62,2422433,877150,2,767,90,8.29,39787,739026,118.69,20,Low,50,Yes,No,Active
CUST10974,Mumbai,West,Personal Loan,Self Employed,62,883803,1836852,25,850,90,7.75,13874,5499685,33.4,27,Low,50,Yes,No,Active
CUST10975,Bengaluru,South,Personal Loan,Salaried,59,1767893,4586857,15,745,5,7.98,43781,1343316,200.0,12,Low,75,No,No,Closed
CUST10976,Delhi,North,Auto Loan,Business Owner,36,1689405,92137,5,675,90,7.71,1855,2725527,3.38,30,Low,75,Yes,No,Active
CUST10977,Ahmedabad,West,Education Loan,Salaried,53,914803,1491945,5,732,15,13.82,34576,5187095,28.76,12,Low,75,No,No,Active
CUST10978,Ahmedabad,West,Education Loan,Self Employed,41,2465221,188925,2,647,0,8.86,8619,4449339,4.25,16,Low,100,No,No,Closed
CUST10979,Ahmedabad,West,Education Loan,Salaried,29,294456,2683819,7,722,120,9.52,43892,5402066,49.68,49,Medium,75,Yes,No,Closed
CUST10980,Chennai,South,Personal Loan,Self Employed,26,1036841,3344900,5,686,15,8.58,68755,346990,200.0,26,Low,75,No,No,Closed
CUST10981,Bengaluru,South,Education Loan,Salaried,65,1598060,3846098,1,695,90,17.99,352592,1885249,200.0,37,Medium,75,Yes,No,Active
CUST10982,Ahmedabad,West,Home Loan,Business Owner,55,213783,425233,20,637,0,16.76,6160,3836813,11.08,25,Low,100,No,No,Closed
CUST10983,Bengaluru,South,Personal Loan,Business Owner,59,214152,3589730,3,721,15,9.27,114604,4999732,71.8,27,Low,75,No,No,Active
CUST10984,Hyderabad,South,Home Loan,Salaried,42,624718,2610272,10,758,0,10.43,35119,1447839,180.29,17,Low,50,No,No,Active
CUST10985,Ahmedabad,West,Personal Loan,Salaried,61,1781956,1784635,5,584,5,9.02,37063,5533791,32.25,30,Low,100,No,No,Closed
CUST10986,Delhi,North,Personal Loan,Business Owner,25,328725,2007792,25,652,60,12.4,21742,6393519,31.4,47,Medium,75,No,No,Active
CUST10987,Bengaluru,South,Personal Loan,Salaried,62,671215,274062,15,712,30,6.74,2424,1577127,17.38,14,Low,75,No,No,Active
CUST10988,Bengaluru,South,Auto Loan,Business Owner,43,1983500,2205138,25,536,90,14.56,27493,6662185,33.1,55,Medium,150,Yes,No,Active
CUST10989,Delhi,North,Personal Loan,Self Employed,37,2448693,481978,30,822,30,12.78,5249,5310318,9.08,7,Low,50,No,No,Active
CUST10990,Ahmedabad,West,Personal Loan,Salaried,32,1088017,3552646,3,650,0,17.28,127157,2520908,140.93,28,Low,75,No,No,Active
CUST10991,Delhi,North,Home Loan,Salaried,43,501898,3941865,1,634,0,8.47,343754,2751691,143.25,42,Medium,100,No,No,Overdue
CUST10992,Bengaluru,South,Personal Loan,Salaried,36,865338,4200579,7,685,15,16.15,83791,5736967,73.22,32,Medium,75,No,No,Active
CUST10993,Delhi,North,Home Loan,Self Employed,23,2320321,1203891,3,710,30,16.0,42325,3614670,33.31,24,Low,75,Yes,Yes,Default
CUST10994,Bengaluru,South,Home Loan,Salaried,50,234745,752214,10,647,0,8.03,9138,2554137,29.45,28,Low,100,No,No,Active
CUST10995,Bengaluru,South,Auto Loan,Salaried,42,1863032,1810143,20,769,90,11.28,19030,6987659,25.9,23,Low,50,Yes,No,Active
CUST10996,Hyderabad,South,Auto Loan,Salaried,29,818273,275687,5,728,30,8.54,5661,27690,200.0,11,Low,75,No,No,Active
CUST10997,Kolkata,East,Auto Loan,Self Employed,49,1218347,2989701,7,641,15,9.56,48956,6818738,43.85,29,Low,100,No,No,Active
CUST10998,Bengaluru,South,Personal Loan,Business Owner,57,1940328,2292365,7,663,15,9.66,37654,5346413,42.88,21,Low,75,No,No,Closed
CUST10999,Ahmedabad,West,Personal Loan,Business Owner,43,2298219,2811856,5,594,0,13.17,64223,3213274,87.51,28,Low,100,No,No,Active
CUST11000,Mumbai,West,Business Loan,Salaried,33,2328185,2121088,5,612,10,11.44,46584,5643473,37.58,26,Low,100,No,No,Active
